<?xml version="1.0" encoding="UTF-8"?>
<node name="/">
  <!--
      org.freedesktop.NetworkManager.Device.Bond:
      @short_description: Bonding Device

  -->
  <interface name="org.freedesktop.NetworkManager.Device.Bond">

    <!--
        HwAddress:

        Hardware address of the device.
    -->
    <property name="HwAddress" type="s" access="read"/>

    <!--
        Carrier:

        Indicates whether the physical carrier is found (e.g. whether a cable is
        plugged in or not).
    -->
    <property name="Carrier" type="b" access="read"/>

    <!--
        Slaves:

        Array of object paths representing devices which are currently slaved to
        this device.
    -->
    <property name="Slaves" type="ao" access="read"/>

    <!--
        PropertiesChanged:
        @properties: A dictionary mapping property names to variant boxed values

        DEPRECATED. Use the standard "PropertiesChanged" signal from "org.freedesktop.DBus.Properties" instead which exists since version NetworkManager 1.2.0.
    -->
    <signal name="PropertiesChanged">
      <arg name="properties" type="a{sv}"/>
    </signal>
  </interface>
</node>
