<?xml version="1.0" encoding="UTF-8"?>
<node name="/">
  <!--
      org.freedesktop.NetworkManager.Device.Modem:
      @short_description: Modem Device

  -->
  <interface name="org.freedesktop.NetworkManager.Device.Modem">

    <!--
        PropertiesChanged:
        @properties: A dictionary mapping property names to variant boxed values

        DEPRECATED. Use the standard "PropertiesChanged" signal from "org.freedesktop.DBus.Properties" instead which exists since version NetworkManager 1.2.0.
    -->
    <signal name="PropertiesChanged">
        <arg name="properties" type="a{sv}"/>
    </signal>

    <!--
        ModemCapabilities:

        The generic family of access technologies the modem supports. Not all
        capabilities are available at the same time however; some modems require a
        firmware reload or other reinitialization to switch between eg CDMA/EVDO
        and GSM/UMTS.

        Returns: <link linkend="NMDeviceModemCapabilities">NMDeviceModemCapabilities</link>
    -->
    <property name="ModemCapabilities" type="u" access="read"/>

    <!--
        CurrentCapabilities:

        The generic family of access technologies the modem currently supports
        without a firmware reload or reinitialization.

        Returns: <link linkend="NMDeviceModemCapabilities">NMDeviceModemCapabilities</link>
    -->
    <property name="CurrentCapabilities" type="u" access="read"/>
  </interface>
</node>
