<?xml version="1.0" encoding="UTF-8"?>
<node name="/">
  <!--
      org.freedesktop.NetworkManager.IP6Config:
      @short_description: IPv6 Configuration Set

  -->
  <interface name="org.freedesktop.NetworkManager.IP6Config">

    <!--
        Addresses:

        Array of tuples of IPv6 address/prefix/gateway. Deprecated: use
        AddressData and Gateway.
    -->
    <property name="Addresses" type="a(ayuay)" access="read"/>

    <!--
        AddressData:

        Array of IP address data objects. All addresses will include "address" (an
        IP address string), and "prefix" (a uint). Some addresses may include
        additional attributes.
    -->
    <property name="AddressData" type="aa{sv}" access="read"/>

    <!--
        Gateway:

        The gateway in use.
    -->
    <property name="Gateway" type="s" access="read"/>

    <!--
        Routes:

        Tuples of IPv6 route/prefix/next-hop/metric. Deprecated: use RouteData
    -->
    <property name="Routes" type="a(ayuayu)" access="read"/>

    <!--
        RouteData:

        Array of IP route data objects. All routes will include "dest" (an IP
        address string) and "prefix" (a uint). Some routes may include "next-hop"
        (an IP address string), "metric" (a uint), and additional attributes.
    -->
    <property name="RouteData" type="aa{sv}" access="read"/>

    <!--
        Nameservers:

        The nameservers in use.
    -->
    <property name="Nameservers" type="aay" access="read">
      <!-- gdbus-codegen assumes that "aay" means "array of non-UTF-8
	   string&quot; and so would make this a char **.
      -->
      <annotation name="org.gtk.GDBus.C.ForceGVariant" value="1"/>
      </property>

    <!--
        Domains:

        A list of domains this address belongs to.
    -->
    <property name="Domains" type="as" access="read"/>

    <!--
        Searches:

        A list of dns searches.
    -->
    <property name="Searches" type="as" access="read"/>

    <!--
        DnsOptions:

        A list of DNS options that modify the behavior of the DNS resolver. See
        resolv.conf(5) manual page for the list of supported options.
    -->
    <property name="DnsOptions" type="as" access="read"/>

    <!--
        DnsPriority:

        The relative priority of DNS servers.
    -->
    <property name="DnsPriority" type="i" access="read"/>

    <!--
        PropertiesChanged:
        @properties: A dictionary mapping property names to variant boxed values

        DEPRECATED. Use the standard "PropertiesChanged" signal from "org.freedesktop.DBus.Properties" instead which exists since version NetworkManager 1.2.0.
    -->
    <signal name="PropertiesChanged">
      <arg name="properties" type="a{sv}"/>
    </signal>
  </interface>
</node>
