<!DOCTYPE node PUBLIC "-//freedesktop//DTD D-BUS Object Introspection 1.0//EN"
        "http://www.freedesktop.org/standards/dbus/1.0/introspect.dtd">
<node>
    <interface name="com.deepin.daemon.InputDevice.TouchPad">
        <method name="Reset"></method>
        <property name="EdgeScroll" type="b" access="readwrite"></property>
        <property name="PalmDetect" type="b" access="readwrite"></property>
        <property name="MotionAcceleration" type="d" access="readwrite"></property>
        <property name="DeltaScroll" type="i" access="readwrite"></property>
        <property name="DragThreshold" type="i" access="readwrite"></property>
        <property name="LeftHanded" type="b" access="readwrite"></property>
        <property name="DisableIfTyping" type="b" access="readwrite"></property>
        <property name="NaturalScroll" type="b" access="readwrite"></property>
        <property name="HorizScroll" type="b" access="readwrite"></property>
        <property name="VertScroll" type="b" access="readwrite"></property>
        <property name="MotionThreshold" type="d" access="readwrite"></property>
        <property name="DoubleClick" type="i" access="readwrite"></property>
        <property name="DeviceList" type="s" access="read"></property>
        <property name="TPadEnable" type="b" access="readwrite"></property>
        <property name="PalmMinZ" type="i" access="readwrite"></property>
        <property name="Exist" type="b" access="read"></property>
        <property name="TapClick" type="b" access="readwrite"></property>
        <property name="MotionScaling" type="d" access="readwrite"></property>
        <property name="PalmMinWidth" type="i" access="readwrite"></property>
    </interface>
    <interface name="org.freedesktop.DBus.Introspectable">
        <method name="Introspect">
            <arg name="out" type="s" direction="out"></arg>
        </method>
    </interface>
    <interface name="org.freedesktop.DBus.Properties">
        <method name="Get">
            <arg name="interface" type="s" direction="in"></arg>
            <arg name="property" type="s" direction="in"></arg>
            <arg name="value" type="v" direction="out"></arg>
        </method>
        <method name="GetAll">
            <arg name="interface" type="s" direction="in"></arg>
            <arg name="props" type="a{sv}" direction="out"></arg>
        </method>
        <method name="Set">
            <arg name="interface" type="s" direction="in"></arg>
            <arg name="property" type="s" direction="in"></arg>
            <arg name="value" type="v" direction="in"></arg>
        </method>
        <signal name="PropertiesChanged">
            <arg name="interface" type="s" direction="out"></arg>
            <arg name="changed_properties" type="a{sv}" direction="out"></arg>
            <arg name="invalidates_properties" type="as" direction="out"></arg>
        </signal>
    </interface>
    <interface name="org.freedesktop.DBus.Peer">
        <method name="Ping"></method>
        <method name="GetMachineId">
            <arg name="machine_uuid" type="s" direction="out"></arg>
        </method>
    </interface>
</node>
