"<!DOCTYPE node PUBLIC "-//freedesktop//DTD D-BUS Object Introspection 1.0//EN"
"http://www.freedesktop.org/standards/dbus/1.0/introspect.dtd">
<node>
  <interface name="com.deepin.license.Info">
    <property name="AuthorizationState" type="i" access="read"/>
    <property name="LicenseState" type="i" access="read"/>
    <property name="ActiveMethod" type="u" access="read"/>
    <property name="ActiveCode" type="s" access="read"/>
    <property name="AuthorizeUrl" type="s" access="read"/>
    <property name="AuthorizeVersion" type="s" access="read"/>
    <property name="ValidityEnd" type="s" access="read"/>
    <property name="Organization" type="s" access="read"/>
    <signal name="LicenseStateChange">
      <arg name="operationMseeage" type="u" direction="out"/>
    </signal>
  </interface>
  <interface name="org.freedesktop.DBus.Properties">
    <method name="Get">
      <arg name="interface_name" type="s" direction="in"/>
      <arg name="property_name" type="s" direction="in"/>
      <arg name="value" type="v" direction="out"/>
    </method>
    <method name="Set">
      <arg name="interface_name" type="s" direction="in"/>
      <arg name="property_name" type="s" direction="in"/>
      <arg name="value" type="v" direction="in"/>
    </method>
    <method name="GetAll">
      <arg name="interface_name" type="s" direction="in"/>
      <arg name="values" type="a{sv}" direction="out"/>
      <annotation name="org.qtproject.QtDBus.QtTypeName.Out0" value="QVariantMap"/>
    </method>
    <signal name="PropertiesChanged">
      <arg name="interface_name" type="s" direction="out"/>
      <arg name="changed_properties" type="a{sv}" direction="out"/>
      <annotation name="org.qtproject.QtDBus.QtTypeName.Out1" value="QVariantMap"/>
      <arg name="invalidated_properties" type="as" direction="out"/>
    </signal>
  </interface>
  <interface name="org.freedesktop.DBus.Introspectable">
    <method name="Introspect">
      <arg name="xml_data" type="s" direction="out"/>
    </method>
  </interface>
  <interface name="org.freedesktop.DBus.Peer">
    <method name="Ping"/>
    <method name="GetMachineId">
      <arg name="machine_uuid" type="s" direction="out"/>
    </method>
  </interface>
</node>
"
