<!DOCTYPE node PUBLIC "-//freedesktop//DTD D-BUS Object Introspection 1.0//EN"
"http://www.freedesktop.org/standards/dbus/1.0/introspect.dtd">
<node>
 <interface name="org.freedesktop.DBus.Peer">
  <method name="Ping"/>
  <method name="GetMachineId">
   <arg type="s" name="machine_uuid" direction="out"/>
  </method>
 </interface>
 <interface name="org.freedesktop.DBus.Introspectable">
  <method name="Introspect">
   <arg name="data" type="s" direction="out"/>
  </method>
 </interface>
 <interface name="org.freedesktop.DBus.Properties">
  <method name="Get">
   <arg name="interface" direction="in" type="s"/>
   <arg name="property" direction="in" type="s"/>
   <arg name="value" direction="out" type="v"/>
  </method>
  <method name="GetAll">
   <arg name="interface" direction="in" type="s"/>
   <arg name="properties" direction="out" type="a{sv}"/>
  </method>
  <method name="Set">
   <arg name="interface" direction="in" type="s"/>
   <arg name="property" direction="in" type="s"/>
   <arg name="value" direction="in" type="v"/>
  </method>
  <signal name="PropertiesChanged">
   <arg type="s" name="interface"/>
   <arg type="a{sv}" name="changed_properties"/>
   <arg type="as" name="invalidated_properties"/>
  </signal>
 </interface>
 <interface name="org.freedesktop.login1.Manager">
  <property name="EnableWallMessages" type="b" access="readwrite">
   <annotation name="org.freedesktop.DBus.Property.EmitsChangedSignal" value="false"/>
   <annotation name="org.freedesktop.systemd1.Privileged" value="true"/>
  </property>
  <property name="WallMessage" type="s" access="readwrite">
   <annotation name="org.freedesktop.DBus.Property.EmitsChangedSignal" value="false"/>
   <annotation name="org.freedesktop.systemd1.Privileged" value="true"/>
  </property>
  <property name="NAutoVTs" type="u" access="read">
   <annotation name="org.freedesktop.DBus.Property.EmitsChangedSignal" value="const"/>
  </property>
  <property name="KillOnlyUsers" type="as" access="read">
   <annotation name="org.freedesktop.DBus.Property.EmitsChangedSignal" value="const"/>
  </property>
  <property name="KillExcludeUsers" type="as" access="read">
   <annotation name="org.freedesktop.DBus.Property.EmitsChangedSignal" value="const"/>
  </property>
  <property name="KillUserProcesses" type="b" access="read">
   <annotation name="org.freedesktop.DBus.Property.EmitsChangedSignal" value="const"/>
  </property>
  <property name="RebootToFirmwareSetup" type="b" access="read">
   <annotation name="org.freedesktop.DBus.Property.EmitsChangedSignal" value="const"/>
  </property>
  <property name="IdleHint" type="b" access="read">
  </property>
  <property name="IdleSinceHint" type="t" access="read">
  </property>
  <property name="IdleSinceHintMonotonic" type="t" access="read">
  </property>
  <property name="BlockInhibited" type="s" access="read">
  </property>
  <property name="DelayInhibited" type="s" access="read">
  </property>
  <property name="InhibitDelayMaxUSec" type="t" access="read">
   <annotation name="org.freedesktop.DBus.Property.EmitsChangedSignal" value="const"/>
  </property>
  <property name="HandlePowerKey" type="s" access="read">
   <annotation name="org.freedesktop.DBus.Property.EmitsChangedSignal" value="const"/>
  </property>
  <property name="HandleSuspendKey" type="s" access="read">
   <annotation name="org.freedesktop.DBus.Property.EmitsChangedSignal" value="const"/>
  </property>
  <property name="HandleHibernateKey" type="s" access="read">
   <annotation name="org.freedesktop.DBus.Property.EmitsChangedSignal" value="const"/>
  </property>
  <property name="HandleLidSwitch" type="s" access="read">
   <annotation name="org.freedesktop.DBus.Property.EmitsChangedSignal" value="const"/>
  </property>
  <property name="HandleLidSwitchDocked" type="s" access="read">
   <annotation name="org.freedesktop.DBus.Property.EmitsChangedSignal" value="const"/>
  </property>
  <property name="HoldoffTimeoutUSec" type="t" access="read">
   <annotation name="org.freedesktop.DBus.Property.EmitsChangedSignal" value="const"/>
  </property>
  <property name="IdleAction" type="s" access="read">
   <annotation name="org.freedesktop.DBus.Property.EmitsChangedSignal" value="const"/>
  </property>
  <property name="IdleActionUSec" type="t" access="read">
   <annotation name="org.freedesktop.DBus.Property.EmitsChangedSignal" value="const"/>
  </property>
  <property name="PreparingForShutdown" type="b" access="read">
   <annotation name="org.freedesktop.DBus.Property.EmitsChangedSignal" value="false"/>
  </property>
  <property name="PreparingForSleep" type="b" access="read">
   <annotation name="org.freedesktop.DBus.Property.EmitsChangedSignal" value="false"/>
  </property>
  <property name="ScheduledShutdown" type="(st)" access="read">
   <annotation name="org.freedesktop.DBus.Property.EmitsChangedSignal" value="false"/>
  </property>
  <property name="Docked" type="b" access="read">
   <annotation name="org.freedesktop.DBus.Property.EmitsChangedSignal" value="false"/>
  </property>
  <property name="RemoveIPC" type="b" access="read">
   <annotation name="org.freedesktop.DBus.Property.EmitsChangedSignal" value="const"/>
  </property>
  <property name="RuntimeDirectorySize" type="t" access="read">
   <annotation name="org.freedesktop.DBus.Property.EmitsChangedSignal" value="const"/>
  </property>
  <property name="InhibitorsMax" type="t" access="read">
   <annotation name="org.freedesktop.DBus.Property.EmitsChangedSignal" value="const"/>
  </property>
  <property name="NCurrentInhibitors" type="t" access="read">
   <annotation name="org.freedesktop.DBus.Property.EmitsChangedSignal" value="false"/>
  </property>
  <property name="SessionsMax" type="t" access="read">
   <annotation name="org.freedesktop.DBus.Property.EmitsChangedSignal" value="const"/>
  </property>
  <property name="NCurrentSessions" type="t" access="read">
   <annotation name="org.freedesktop.DBus.Property.EmitsChangedSignal" value="false"/>
  </property>
  <property name="UserTasksMax" type="t" access="read">
   <annotation name="org.freedesktop.DBus.Property.EmitsChangedSignal" value="const"/>
  </property>
  <method name="GetSession">
   <arg name="sessionId" type="s" direction="in"/>
   <arg name="sessionPath" type="o" direction="out"/>
  </method>
  <method name="GetSessionByPID">
   <arg name="pid" type="u" direction="in"/>
   <arg name="sessionPath" type="o" direction="out"/>
  </method>
  <method name="GetUser">
   <arg name="uid" type="u" direction="in"/>
   <arg name="userPath" type="o" direction="out"/>
  </method>
  <method name="GetUserByPID">
   <arg name="pid" type="u" direction="in"/>
   <arg name="userPath" type="o" direction="out"/>
  </method>
  <method name="GetSeat">
   <arg name="seatId" type="s" direction="in"/>
   <arg name="seatPath" type="o" direction="out"/>
  </method>
  <method name="ListSessions">
   <arg name="sessionList" type="a(susso)" direction="out"/>
  </method>
  <method name="ListUsers">
   <arg name="userList" type="a(uso)" direction="out"/>
  </method>
  <method name="ListSeats">
   <arg name="seatList" type="a(so)" direction="out"/>
  </method>
  <method name="ListInhibitors">
   <arg name="inhibitorList" type="a(ssssuu)" direction="out"/>
  </method>
  <method name="CreateSession">
   <arg name="uid" type="u" direction="in"/>
   <arg name="pid" type="u" direction="in"/>
   <arg name="service" type="s" direction="in"/>
   <arg name="type" type="s" direction="in"/>
   <arg name="class" type="s" direction="in"/>
   <arg name="desktop" type="s" direction="in"/>
   <arg name="seatId" type="s" direction="in"/>
   <arg name="vtnr" type="u" direction="in"/>
   <arg name="tty" type="s" direction="in"/>
   <arg name="display" type="s" direction="in"/>
   <arg name="remote" type="b" direction="in"/>
   <arg name="remoteUser" type="s" direction="in"/>
   <arg name="remoteHost" type="s" direction="in"/>
   <arg name="properties" type="a(sv)" direction="in"/>
   <arg name="sessionId" type="s" direction="out"/>
   <arg name="sessionPath" type="o" direction="out"/>
   <arg name="runtimePath" type="s" direction="out"/>
   <arg name="fifoFd" type="h" direction="out"/>
   <arg name="uid" type="u" direction="out"/>
   <arg name="seatId" type="s" direction="out"/>
   <arg name="vtnr" type="u" direction="out"/>
   <arg name="existing" type="b" direction="out"/>
   <annotation name="org.freedesktop.systemd1.Privileged" value="true"/>
  </method>
  <method name="ReleaseSession">
   <arg name="sessionId" type="s" direction="in"/>
   <annotation name="org.freedesktop.systemd1.Privileged" value="true"/>
  </method>
  <method name="ActivateSession">
   <arg name="sessionId" type="s" direction="in"/>
  </method>
  <method name="ActivateSessionOnSeat">
   <arg name="sessionId" type="s" direction="in"/>
   <arg name="seatId" type="s" direction="in"/>
  </method>
  <method name="LockSession">
   <arg name="sessionId" type="s" direction="in"/>
  </method>
  <method name="UnlockSession">
   <arg name="sessionId" type="s" direction="in"/>
  </method>
  <method name="LockSessions">
  </method>
  <method name="UnlockSessions">
  </method>
  <method name="KillSession">
   <arg name="sessionId" type="s" direction="in"/>
   <arg name="who" type="s" direction="in"/>
   <arg name="signo" type="i" direction="in"/>
  </method>
  <method name="KillUser">
   <arg name="uid" type="u" direction="in"/>
   <arg name="signo" type="i" direction="in"/>
  </method>
  <method name="TerminateSession">
   <arg name="sessionId" type="s" direction="in"/>
  </method>
  <method name="TerminateUser">
   <arg name="uid" type="u" direction="in"/>
  </method>
  <method name="TerminateSeat">
   <arg name="seatId" type="s" direction="in"/>
  </method>
  <method name="SetUserLinger">
   <arg name="uid" type="u" direction="in"/>
   <arg name="linger" type="b" direction="in"/>
   <arg name="interactive" type="b" direction="in"/>
  </method>
  <method name="AttachDevice">
   <arg name="seatId" type="s" direction="in"/>
   <arg name="sysfs" type="s" direction="in"/>
   <arg name="interactive" type="b" direction="in"/>
  </method>
  <method name="FlushDevices">
   <arg name="interactive" type="b" direction="in"/>
  </method>
  <method name="PowerOff">
   <arg name="interactive" type="b" direction="in"/>
  </method>
  <method name="Reboot">
   <arg name="interactive" type="b" direction="in"/>
  </method>
  <method name="Suspend">
   <arg name="interactive" type="b" direction="in"/>
  </method>
  <method name="Hibernate">
   <arg name="interactive" type="b" direction="in"/>
  </method>
  <method name="HybridSleep">
   <arg name="interactive" type="b" direction="in"/>
  </method>
  <method name="CanPowerOff">
   <arg name="result" type="s" direction="out"/>
  </method>
  <method name="CanReboot">
   <arg name="result" type="s" direction="out"/>
  </method>
  <method name="CanSuspend">
   <arg name="result" type="s" direction="out"/>
  </method>
  <method name="CanHibernate">
   <arg name="result" type="s" direction="out"/>
  </method>
  <method name="CanHybridSleep">
   <arg name="result" type="s" direction="out"/>
  </method>
  <method name="ScheduleShutdown">
   <arg name="type" type="s" direction="in"/>
   <arg name="usec" type="t" direction="in"/>
  </method>
  <method name="CancelScheduledShutdown">
   <arg name="cancelled" type="b" direction="out"/>
  </method>
  <method name="Inhibit">
   <arg name="what" type="s" direction="in"/>
   <arg name="who" type="s" direction="in"/>
   <arg name="why" type="s" direction="in"/>
   <arg name="mode" type="s" direction="in"/>
   <arg name="pipeFd" type="h" direction="out"/>
  </method>
  <method name="CanRebootToFirmwareSetup">
   <arg name="result" type="s" direction="out"/>
  </method>
  <method name="SetRebootToFirmwareSetup">
   <arg name="enable" type="b" direction="in"/>
  </method>
  <method name="SetWallMessage">
   <arg name="wallMessage" type="s" direction="in"/>
   <arg name="enable" type="b" direction="in"/>
  </method>
  <signal name="SessionNew">
   <arg name="sessionId" type="s"/>
   <arg name="sessionPath" type="o"/>
  </signal>
  <signal name="SessionRemoved">
   <arg name="sessionId" type="s"/>
   <arg name="sessionPath" type="o"/>
  </signal>
  <signal name="UserNew">
   <arg name="uid" type="u"/>
   <arg name="userPath" type="o"/>
  </signal>
  <signal name="UserRemoved">
   <arg name="uid" type="u"/>
   <arg name="userPath" type="o"/>
  </signal>
  <signal name="SeatNew">
   <arg name="seatId" type="s"/>
   <arg name="seatPath" type="o"/>
  </signal>
  <signal name="SeatRemoved">
   <arg name="seatId" type="s"/>
   <arg name="seatPath" type="o"/>
  </signal>
  <signal name="PrepareForShutdown">
   <arg name="start" type="b"/>
  </signal>
  <signal name="PrepareForSleep">
   <arg name="start" type="b"/>
  </signal>
 </interface>
 <node name="user"/>
 <node name="session"/>
 <node name="seat"/>
</node>
