<!DOCTYPE node PUBLIC "-//freedesktop//DTD D-BUS Object Introspection 1.0//EN"
"http://www.freedesktop.org/standards/dbus/1.0/introspect.dtd">
<node>
 <interface name="org.freedesktop.DBus.Peer">
  <method name="Ping"/>
  <method name="GetMachineId">
   <arg type="s" name="machine_uuid" direction="out"/>
  </method>
 </interface>
 <interface name="org.freedesktop.DBus.Introspectable">
  <method name="Introspect">
   <arg name="data" type="s" direction="out"/>
  </method>
 </interface>
 <interface name="org.freedesktop.DBus.Properties">
  <method name="Get">
   <arg name="interface" direction="in" type="s"/>
   <arg name="property" direction="in" type="s"/>
   <arg name="value" direction="out" type="v"/>
  </method>
  <method name="GetAll">
   <arg name="interface" direction="in" type="s"/>
   <arg name="properties" direction="out" type="a{sv}"/>
  </method>
  <method name="Set">
   <arg name="interface" direction="in" type="s"/>
   <arg name="property" direction="in" type="s"/>
   <arg name="value" direction="in" type="v"/>
  </method>
  <signal name="PropertiesChanged">
   <arg type="s" name="interface"/>
   <arg type="a{sv}" name="changed_properties"/>
   <arg type="as" name="invalidated_properties"/>
  </signal>
 </interface>
 <interface name="org.freedesktop.login1.Seat">
  <property name="Id" type="s" access="read">
   <annotation name="org.freedesktop.DBus.Property.EmitsChangedSignal" value="const"/>
  </property>
  <property name="ActiveSession" type="(so)" access="read">
  </property>
  <property name="CanMultiSession" type="b" access="read">
   <annotation name="org.freedesktop.DBus.Property.EmitsChangedSignal" value="const"/>
  </property>
  <property name="CanTTY" type="b" access="read">
   <annotation name="org.freedesktop.DBus.Property.EmitsChangedSignal" value="const"/>
  </property>
  <property name="CanGraphical" type="b" access="read">
  </property>
  <property name="Sessions" type="a(so)" access="read">
   <annotation name="org.freedesktop.DBus.Property.EmitsChangedSignal" value="false"/>
  </property>
  <property name="IdleHint" type="b" access="read">
  </property>
  <property name="IdleSinceHint" type="t" access="read">
  </property>
  <property name="IdleSinceHintMonotonic" type="t" access="read">
  </property>
  <method name="Terminate">
  </method>
  <method name="ActivateSession">
   <arg name="sessionId" type="s" direction="in"/>
  </method>
  <method name="SwitchTo">
   <arg name="vtnr" type="u" direction="in"/>
  </method>
  <method name="SwitchToNext">
  </method>
  <method name="SwitchToPrevious">
  </method>
 </interface>
</node>
