<node>
<interface name="org.freedesktop.miracle.wfd.Sink">
  <method name="StartSession">
   <arg type="s" direction="in"/>
   <arg type="s" direction="in"/>
   <arg type="u" direction="in"/>
   <arg type="u" direction="in"/>
   <arg type="u" direction="in"/>
   <arg type="u" direction="in"/>
   <arg type="s" direction="in"/>
   <arg type="o" direction="out"/>
  </method>
  <property name="Session" type="o" access="read">
  </property>
  <property name="Peer" type="o" access="read">
   <annotation name="org.freedesktop.DBus.Property.EmitsChangedSignal" value="const"/>
  </property>
 </interface>
</node>
