<!DOCTYPE node PUBLIC "-//freedesktop//DTD D-BUS Object Introspection 1.0//EN"
        "http://www.freedesktop.org/standards/dbus/1.0/introspect.dtd">
<node>
    <interface name="com.deepin.daemon.Network">
        <method name="ActivateAccessPoint">
            <arg name="uuid" type="s" direction="in"></arg>
            <arg name="apPath" type="o" direction="in"></arg>
            <arg name="devPath" type="o" direction="in"></arg>
            <arg name="cPath" type="o" direction="out"></arg>
        </method>
        <method name="ActivateConnection">
            <arg name="uuid" type="s" direction="in"></arg>
            <arg name="devPath" type="o" direction="in"></arg>
            <arg name="cPath" type="o" direction="out"></arg>
        </method>
        <method name="DeactivateConnection">
            <arg name="uuid" type="s" direction="in"></arg>
        </method>
        <method name="DeleteConnection">
            <arg name="uuid" type="s" direction="in"></arg>
        </method>
        <method name="DisableWirelessHotspotMode">
            <arg name="devPath" type="o" direction="in"></arg>
        </method>
        <method name="DisconnectDevice">
            <arg name="devPath" type="o" direction="in"></arg>
        </method>
        <method name="EnableDevice">
            <arg name="devPath" type="o" direction="in"></arg>
            <arg name="enabled" type="b" direction="in"></arg>
            <arg name="cpath"   type="o" direction="out"></arg>
        </method>
        <method name="EnableWirelessHotspotMode">
            <arg name="devPath" type="o" direction="in"></arg>
        </method>
        <method name="GetAccessPoints">
            <arg name="path" type="o" direction="in"></arg>
            <arg name="apsJSON" type="s" direction="out"></arg>
        </method>
        <method name="GetActiveConnectionInfo">
            <arg name="acInfosJSON" type="s" direction="out"></arg>
        </method>
        <method name="GetAutoProxy">
            <arg name="proxyAuto" type="s" direction="out"></arg>
        </method>
        <method name="GetProxy">
            <arg name="proxyType" type="s" direction="in"></arg>
            <arg name="host" type="s" direction="out"></arg>
            <arg name="port" type="s" direction="out"></arg>
        </method>
        <method name="GetProxyIgnoreHosts">
            <arg name="ignoreHosts" type="s" direction="out"></arg>
        </method>
        <method name="GetProxyMethod">
            <arg name="proxyMode" type="s" direction="out"></arg>
        </method>
        <method name="GetSupportedConnectionTypes">
            <arg name="types" type="as" direction="out"></arg>
        </method>
        <method name="IsDeviceEnabled">
            <arg name="devPath" type="o" direction="in"></arg>
            <arg name="enabled" type="b" direction="out"></arg>
        </method>
        <method name="IsWirelessHotspotModeEnabled">
            <arg name="devPath" type="o" direction="in"></arg>
            <arg name="enabled" type="b" direction="out"></arg>
        </method>
        <method name="ListDeviceConnections">
            <arg name="devPath" type="o" direction="in"></arg>
            <arg name="connections" type="ao" direction="out"></arg>
        </method>
        <method name="RequestWirelessScan"></method>
        <method name="SetAutoProxy">
            <arg name="proxyAuto" type="s" direction="in"></arg>
        </method>
        <method name="SetDeviceManaged">
            <arg name="devPathOrIfc" type="s" direction="in"></arg>
            <arg name="managed" type="b" direction="in"></arg>
        </method>
        <method name="SetProxy">
            <arg name="proxyType" type="s" direction="in"></arg>
            <arg name="host" type="s" direction="in"></arg>
            <arg name="port" type="s" direction="in"></arg>
        </method>
        <method name="SetProxyIgnoreHosts">
            <arg name="ignoreHosts" type="s" direction="in"></arg>
        </method>
        <method name="SetProxyMethod">
            <arg name="proxyMode" type="s" direction="in"></arg>
        </method>
        <signal name="AccessPointAdded">
            <arg name="devPath" type="s"></arg>
            <arg name="apJSON" type="s"></arg>
        </signal>
        <signal name="AccessPointRemoved">
            <arg name="devPath" type="s"></arg>
            <arg name="apJSON" type="s"></arg>
        </signal>
        <signal name="AccessPointPropertiesChanged">
            <arg name="devPath" type="s"></arg>
            <arg name="apJSON" type="s"></arg>
        </signal>
        <signal name="DeviceEnabled">
            <arg name="devPath" type="s"></arg>
            <arg name="enabled" type="b"></arg>
        </signal>
        <property name="Connectivity" type="u" access="read"></property>
        <property name="NetworkingEnabled" type="b" access="readwrite"></property>
        <property name="VpnEnabled" type="b" access="readwrite"></property>
        <property name="Devices" type="s" access="read"></property>
        <property name="Connections" type="s" access="read"></property>
        <property name="ActiveConnections" type="s" access="read"></property>
        <property name="State" type="u" access="read"></property>
    </interface>
    <interface name="org.freedesktop.DBus.Introspectable">
        <method name="Introspect">
            <arg name="out" type="s" direction="out"></arg>
        </method>
    </interface>
    <interface name="org.freedesktop.DBus.Properties">
        <method name="Get">
            <arg name="interface" type="s" direction="in"></arg>
            <arg name="property" type="s" direction="in"></arg>
            <arg name="value" type="v" direction="out"></arg>
        </method>
        <method name="GetAll">
            <arg name="interface" type="s" direction="in"></arg>
            <arg name="props" type="a{sv}" direction="out"></arg>
        </method>
        <method name="Set">
            <arg name="interface" type="s" direction="in"></arg>
            <arg name="property" type="s" direction="in"></arg>
            <arg name="value" type="v" direction="in"></arg>
        </method>
        <signal name="PropertiesChanged">
            <arg name="interface" type="s" direction="out"></arg>
            <arg name="changed_properties" type="a{sv}" direction="out"></arg>
            <arg name="invalidates_properties" type="as" direction="out"></arg>
        </signal>
    </interface>
    <interface name="org.freedesktop.DBus.Peer">
        <method name="Ping"></method>
        <method name="GetMachineId">
            <arg name="machine_uuid" type="s" direction="out"></arg>
        </method>
    </interface>
    <node name="ProxyChains"></node>
</node>
