<node>
     <interface name="com.deepin.lastore.Job">
          <method name="String">
               <arg type="s" direction="out"></arg>
          </method>
          <property name="Id" type="s" access="read"></property>
          <property name="Name" type="s" access="read"></property>
          <property name="Packages" type="as" access="read"></property>
          <property name="CreateTime" type="x" access="read"></property>
          <property name="Type" type="s" access="read"></property>
          <property name="Status" type="s" access="read"></property>
          <property name="Progress" type="d" access="read"></property>
          <property name="Description" type="s" access="read"></property>
          <property name="Speed" type="x" access="read"></property>
          <property name="DownloadSize" type="x" access="read"></property>
          <property name="Cancelable" type="b" access="read"></property>
     </interface>
     <interface name="org.freedesktop.DBus.Introspectable">
          <method name="Enable">
               <arg type="s" direction="in"></arg>
          </method>
          <method name="InterfaceName">
               <arg type="s" direction="out"></arg>
          </method>
          <method name="Introspect">
               <arg type="s" direction="out"></arg>
          </method>
     </interface>
     <interface name="org.freedesktop.DBus.Properties">
          <method name="Get">
               <arg type="s" direction="in"></arg>
               <arg type="s" direction="in"></arg>
               <arg type="v" direction="out"></arg>
          </method>
          <method name="GetAll">
               <arg type="s" direction="in"></arg>
               <arg type="a{sv}" direction="out"></arg>
          </method>
          <method name="InterfaceName">
               <arg type="s" direction="out"></arg>
          </method>
          <method name="Set">
               <arg type="s" direction="in"></arg>
               <arg type="s" direction="in"></arg>
               <arg type="v" direction="in"></arg>
          </method>
          <signal name="PropertiesChanged">
               <arg type="s"></arg>
               <arg type="a{sv}"></arg>
               <arg type="as"></arg>
          </signal>
     </interface>
</node>
