<!DOCTYPE node PUBLIC "-//freedesktop//DTD D-BUS Object Introspection 1.0//EN"
        "http://www.freedesktop.org/standards/dbus/1.0/introspect.dtd">
<node>
    <interface name="com.deepin.lastore.Manager">
        <method name="CleanArchives">
            <arg name="job" type="o" direction="out"></arg>
        </method>
        <method name="CleanJob">
            <arg name="jobId" type="s" direction="in"></arg>
        </method>
        <method name="DistUpgrade">
            <arg name="job" type="o" direction="out"></arg>
        </method>
        <method name="FixError">
            <arg name="errType" type="s" direction="in"></arg>
            <arg name="job" type="o" direction="out"></arg>
        </method>
        <method name="InstallPackage">
            <arg name="jobName" type="s" direction="in"></arg>
            <arg name="packages" type="s" direction="in"></arg>
            <arg name="job" type="o" direction="out"></arg>
        </method>
        <method name="PackageDesktopPath">
            <arg name="pkgId" type="s" direction="in"></arg>
            <arg name="desktopPath" type="s" direction="out"></arg>
        </method>
        <method name="PackageExists">
            <arg name="pkgId" type="s" direction="in"></arg>
            <arg name="exist" type="b" direction="out"></arg>
        </method>
        <method name="PackageInstallable">
            <arg name="pkgId" type="s" direction="in"></arg>
            <arg name="installable" type="b" direction="out"></arg>
        </method>
        <method name="PackagesDownloadSize">
            <arg name="packages" type="as" direction="in"></arg>
            <arg name="size" type="x" direction="out"></arg>
        </method>
        <method name="PauseJob">
            <arg name="jobId" type="s" direction="in"></arg>
        </method>
        <method name="PrepareDistUpgrade">
            <arg name="job" type="o" direction="out"></arg>
        </method>
        <method name="RemovePackage">
            <arg name="jobName" type="s" direction="in"></arg>
            <arg name="packages" type="s" direction="in"></arg>
            <arg name="job" type="o" direction="out"></arg>
        </method>
        <method name="SetAutoClean">
            <arg name="enable" type="b" direction="in"></arg>
        </method>
        <method name="SetLogger">
            <arg name="levels" type="s" direction="in"></arg>
            <arg name="format" type="s" direction="in"></arg>
            <arg name="output" type="s" direction="in"></arg>
        </method>
        <method name="SetRegion">
            <arg name="region" type="s" direction="in"></arg>
        </method>
        <method name="StartJob">
            <arg name="jobId" type="s" direction="in"></arg>
        </method>
        <method name="UpdatePackage">
            <arg name="jobName" type="s" direction="in"></arg>
            <arg name="packages" type="s" direction="in"></arg>
            <arg name="job" type="o" direction="out"></arg>
        </method>
        <method name="UpdateSource">
            <arg name="job" type="o" direction="out"></arg>
        </method>
        <property name="JobList" type="ao" access="read"></property>
        <property name="SystemArchitectures" type="as" access="read"></property>
        <property name="UpgradableApps" type="as" access="read"></property>
        <property name="SystemOnChanging" type="b" access="read"></property>
        <property name="AutoClean" type="b" access="read"></property>
    </interface>
    <interface name="com.deepin.lastore.Updater">
        <method name="ApplicationUpdateInfos">
            <arg name="lang" type="s" direction="in"></arg>
            <arg name="updateInfos" type="a(sssss)" direction="out"></arg>
        </method>
        <method name="ListMirrorSources">
            <arg name="lang" type="s" direction="in"></arg>
            <arg name="mirrorSources" type="a(sss)" direction="out"></arg>
        </method>
        <method name="RestoreSystemSource"></method>
        <method name="SetAutoCheckUpdates">
            <arg name="enable" type="b" direction="in"></arg>
        </method>
        <method name="SetAutoDownloadUpdates">
            <arg name="enable" type="b" direction="in"></arg>
        </method>
        <method name="SetMirrorSource">
            <arg name="id" type="s" direction="in"></arg>
        </method>
        <property name="AutoCheckUpdates" type="b" access="read"></property>
        <property name="AutoDownloadUpdates" type="b" access="read"></property>
        <property name="MirrorSource" type="s" access="read"></property>
        <property name="UpdatableApps" type="as" access="read"></property>
        <property name="UpdatablePackages" type="as" access="read"></property>
    </interface>
    <interface name="org.freedesktop.DBus.Introspectable">
        <method name="Introspect">
            <arg name="out" type="s" direction="out"></arg>
        </method>
    </interface>
    <interface name="org.freedesktop.DBus.Properties">
        <method name="Get">
            <arg name="interface" type="s" direction="in"></arg>
            <arg name="property" type="s" direction="in"></arg>
            <arg name="value" type="v" direction="out"></arg>
        </method>
        <method name="GetAll">
            <arg name="interface" type="s" direction="in"></arg>
            <arg name="props" type="a{sv}" direction="out"></arg>
        </method>
        <method name="Set">
            <arg name="interface" type="s" direction="in"></arg>
            <arg name="property" type="s" direction="in"></arg>
            <arg name="value" type="v" direction="in"></arg>
        </method>
        <signal name="PropertiesChanged">
            <arg name="interface" type="s" direction="out"></arg>
            <arg name="changed_properties" type="a{sv}" direction="out"></arg>
            <arg name="invalidates_properties" type="as" direction="out"></arg>
        </signal>
    </interface>
    <interface name="org.freedesktop.DBus.Peer">
        <method name="Ping"></method>
        <method name="GetMachineId">
            <arg name="machine_uuid" type="s" direction="out"></arg>
        </method>
    </interface>
</node>
