<!DOCTYPE node PUBLIC "-//freedesktop//DTD D-BUS Object Introspection 1.0//EN"
        "http://www.freedesktop.org/standards/dbus/1.0/introspect.dtd">
<node>
    <interface name="org.freedesktop.ScreenSaver">
        <method name="Inhibit">
            <arg name="name" type="s" direction="in"></arg>
            <arg name="reason" type="s" direction="in"></arg>
            <arg name="cookie" type="u" direction="out"></arg>
        </method>
        <method name="SetTimeout">
            <arg name="seconds" type="u" direction="in"></arg>
            <arg name="interval" type="u" direction="in"></arg>
            <arg name="blank" type="b" direction="in"></arg>
        </method>
        <method name="SimulateUserActivity"></method>
        <method name="UnInhibit">
            <arg name="cookie" type="u" direction="in"></arg>
        </method>
        <signal name="IdleOn"></signal>
        <signal name="CycleActive"></signal>
        <signal name="IdleOff"></signal>
    </interface>
    <interface name="org.freedesktop.DBus.Introspectable">
        <method name="Introspect">
            <arg name="out" type="s" direction="out"></arg>
        </method>
    </interface>
    <interface name="org.freedesktop.DBus.Properties">
        <method name="Get">
            <arg name="interface" type="s" direction="in"></arg>
            <arg name="property" type="s" direction="in"></arg>
            <arg name="value" type="v" direction="out"></arg>
        </method>
        <method name="GetAll">
            <arg name="interface" type="s" direction="in"></arg>
            <arg name="props" type="a{sv}" direction="out"></arg>
        </method>
        <method name="Set">
            <arg name="interface" type="s" direction="in"></arg>
            <arg name="property" type="s" direction="in"></arg>
            <arg name="value" type="v" direction="in"></arg>
        </method>
        <signal name="PropertiesChanged">
            <arg name="interface" type="s" direction="out"></arg>
            <arg name="changed_properties" type="a{sv}" direction="out"></arg>
            <arg name="invalidates_properties" type="as" direction="out"></arg>
        </signal>
    </interface>
    <interface name="org.freedesktop.DBus.Peer">
        <method name="Ping"></method>
        <method name="GetMachineId">
            <arg name="machine_uuid" type="s" direction="out"></arg>
        </method>
    </interface>
</node>
