<!DOCTYPE node PUBLIC "-//freedesktop//DTD D-BUS Object Introspection 1.0//EN"
                      "http://www.freedesktop.org/standards/dbus/1.0/introspect.dtd">
<!-- GDBus 2.56.1 -->
<node>
  <interface name="org.freedesktop.DBus.Properties">
    <method name="Get">
      <arg type="s" name="interface_name" direction="in"/>
      <arg type="s" name="property_name" direction="in"/>
      <arg type="v" name="value" direction="out"/>
    </method>
    <method name="GetAll">
      <arg type="s" name="interface_name" direction="in"/>
      <arg type="a{sv}" name="properties" direction="out"/>
    </method>
    <method name="Set">
      <arg type="s" name="interface_name" direction="in"/>
      <arg type="s" name="property_name" direction="in"/>
      <arg type="v" name="value" direction="in"/>
    </method>
    <signal name="PropertiesChanged">
      <arg type="s" name="interface_name"/>
      <arg type="a{sv}" name="changed_properties"/>
      <arg type="as" name="invalidated_properties"/>
    </signal>
  </interface>
  <interface name="org.freedesktop.DBus.Introspectable">
    <method name="Introspect">
      <arg type="s" name="xml_data" direction="out"/>
    </method>
  </interface>
  <interface name="org.freedesktop.DBus.Peer">
    <method name="Ping"/>
    <method name="GetMachineId">
      <arg type="s" name="machine_uuid" direction="out"/>
    </method>
  </interface>
  <interface name="org.freedesktop.GeoClue2.Client">
    <method name="Start"/>
    <method name="Stop"/>
    <signal name="LocationUpdated">
      <arg type="o" name="old"/>
      <arg type="o" name="new"/>
    </signal>
    <property type="o" name="Location" access="read"/>
    <property type="u" name="DistanceThreshold" access="readwrite">
      <annotation name="org.freedesktop.Accounts.DefaultValue" value="0"/>
    </property>
    <property type="u" name="TimeThreshold" access="readwrite">
      <annotation name="org.freedesktop.Accounts.DefaultValue" value="0"/>
    </property>
    <property type="s" name="DesktopId" access="readwrite"/>
    <property type="u" name="RequestedAccuracyLevel" access="readwrite"/>
    <property type="b" name="Active" access="read"/>
  </interface>
  <node name="Location"/>
</node>
