<!DOCTYPE node PUBLIC "-//freedesktop//DTD D-BUS Object Introspection 1.0//EN"
        "http://www.freedesktop.org/standards/dbus/1.0/introspect.dtd">
<node>
    <interface name="com.deepin.daemon.Daemon">
        <method name="BluetoothGetDeviceTechnologies">
            <arg name="adapter" type="s" direction="in"></arg>
            <arg name="device" type="s" direction="in"></arg>
            <arg name="technologies" type="as" direction="out"></arg>
        </method>
	    <method name="IsPidVirtualMachine">
            <arg name="pid" type="u" direction="in"></arg>
            <arg name="ret" type="b" direction="out"></arg>
        </method>
	    <method name="ClearTtys">
        </method>
        <method name="ClearTty">
            <arg name="num" type="u" direction="in"></arg>
        </method>
        <method name="NetworkGetConnections">
            <arg name="data" type="ay" direction="out"></arg>
        </method>
        <method name="NetworkSetConnections">
            <arg name="data" type="ay" direction="in"></arg>
        </method>
        <method name="ScalePlymouth">
            <arg name="scale" type="u" direction="in"></arg>
        </method>
        <method name="SetLongPressDuration">
            <arg name="duration" type="u" direction="in"></arg>
        </method>
        <method name="SaveCustomWallPaper">
            <arg name="username" type="s" direction="in"></arg>
            <arg name="file" type="s" direction="in"></arg>
            <arg name="path" type="s" direction="out"></arg>
        </method>
        <method name="GetCustomWallPapers">
            <arg name="username" type="s" direction="in"></arg>
            <arg name="files" type="as" direction="out"></arg>
        </method>
        <method name="DeleteCustomWallPaper">
            <arg name="username" type="s" direction="in"></arg>
            <arg name="file" type="s" direction="in"></arg>
        </method>
        <signal name="HandleForSleep">
            <arg name="start" type="b"></arg>
        </signal>
    </interface>
    <interface name="org.freedesktop.DBus.Introspectable">
        <method name="Introspect">
            <arg name="out" type="s" direction="out"></arg>
        </method>
    </interface>
    <interface name="org.freedesktop.DBus.Properties">
        <method name="Get">
            <arg name="interface" type="s" direction="in"></arg>
            <arg name="property" type="s" direction="in"></arg>
            <arg name="value" type="v" direction="out"></arg>
        </method>
        <method name="GetAll">
            <arg name="interface" type="s" direction="in"></arg>
            <arg name="props" type="a{sv}" direction="out"></arg>
        </method>
        <method name="Set">
            <arg name="interface" type="s" direction="in"></arg>
            <arg name="property" type="s" direction="in"></arg>
            <arg name="value" type="v" direction="in"></arg>
        </method>
        <signal name="PropertiesChanged">
            <arg name="interface" type="s" direction="out"></arg>
            <arg name="changed_properties" type="a{sv}" direction="out"></arg>
            <arg name="invalidates_properties" type="as" direction="out"></arg>
        </signal>
    </interface>
    <interface name="org.freedesktop.DBus.Peer">
        <method name="Ping"></method>
        <method name="GetMachineId">
            <arg name="machine_uuid" type="s" direction="out"></arg>
        </method>
    </interface>
</node>
