<!DOCTYPE node PUBLIC "-//freedesktop//DTD D-BUS Object Introspection 1.0//EN"
                      "http://www.freedesktop.org/standards/dbus/1.0/introspect.dtd">
<!-- GDBus 2.53.4 -->
<node>
  <interface name="org.freedesktop.DBus.Properties">
    <method name="Get">
      <arg type="s" name="interface_name" direction="in"/>
      <arg type="s" name="property_name" direction="in"/>
      <arg type="v" name="value" direction="out"/>
    </method>
    <method name="GetAll">
      <arg type="s" name="interface_name" direction="in"/>
      <arg type="a{sv}" name="properties" direction="out"/>
    </method>
    <method name="Set">
      <arg type="s" name="interface_name" direction="in"/>
      <arg type="s" name="property_name" direction="in"/>
      <arg type="v" name="value" direction="in"/>
    </method>
    <signal name="PropertiesChanged">
      <arg type="s" name="interface_name"/>
      <arg type="a{sv}" name="changed_properties"/>
      <arg type="as" name="invalidated_properties"/>
    </signal>
  </interface>
  <interface name="org.freedesktop.DBus.Introspectable">
    <method name="Introspect">
      <arg type="s" name="xml_data" direction="out"/>
    </method>
  </interface>
  <interface name="org.freedesktop.DBus.Peer">
    <method name="Ping"/>
    <method name="GetMachineId">
      <arg type="s" name="machine_uuid" direction="out"/>
    </method>
  </interface>
  <interface name="org.freedesktop.ColorManager.Profile">
    <method name="SetProperty">
      <arg type="s" name="property_name" direction="in">
      </arg>
      <arg type="s" name="property_value" direction="in">
      </arg>
    </method>
    <method name="InstallSystemWide">
    </method>
    <signal name="Changed">
    </signal>
    <property type="s" name="ProfileId" access="read">
    </property>
    <property type="s" name="Title" access="read">
    </property>
    <property type="a{ss}" name="Metadata" access="read">
      <annotation name="org.qtproject.QtDBus.QtTypeName" value="CdStringMap">
      </annotation>
    </property>
    <property type="s" name="Qualifier" access="read">
    </property>
    <property type="s" name="Format" access="read">
    </property>
    <property type="s" name="Kind" access="read">
    </property>
    <property type="s" name="Colorspace" access="read">
    </property>
    <property type="b" name="HasVcgt" access="read">
    </property>
    <property type="b" name="IsSystemWide" access="read">
    </property>
    <property type="s" name="Filename" access="read">
    </property>
    <property type="x" name="Created" access="read">
    </property>
    <property type="s" name="Scope" access="read">
    </property>
    <property type="u" name="Owner" access="read">
    </property>
    <property type="as" name="Warnings" access="read">
    </property>
  </interface>
</node>
