<!DOCTYPE node PUBLIC "-//freedesktop//DTD D-BUS Object Introspection 1.0//EN"\n\t "http://www.freedesktop.org/standards/dbus/1.0/introspect.dtd">
<node>
	<interface name="com.deepin.daemon.Authenticate.UKey.Device">
		<method name="GetPINLength">
			<arg name="uuid" type="s" direction="in"></arg>
			<arg name="length" type="i" direction="out"></arg>
		</method>
		<method name="GetUserList">
			<arg name="users" type="as" direction="out"></arg>
		</method>
		<method name="SetPin">
			<arg name="uuid" type="s" direction="in"></arg>
			<arg name="gid" type="s" direction="in"></arg>
			<arg name="pin" type="s" direction="in"></arg>
		</method>
		<method name="SetSessionPath">
			<arg name="uuid" type="s" direction="in"></arg>
			<arg name="gid" type="s" direction="in"></arg>
			<arg name="path" type="s" direction="in"></arg>
		</method>
		<method name="StopVerify">
			<arg name="uuid" type="s" direction="in"></arg>
			<arg name="gid" type="s" direction="in"></arg>
		</method>
		<method name="Verify">
			<arg name="uuid" type="s" direction="in"></arg>
			<arg name="gid" type="s" direction="in"></arg>
		</method>
		<signal name="VerifyResult">
			<arg name="id" type="s"></arg>
			<arg name="msg" type="s"></arg>
		</signal>
		<property name="Name" type="s" access="read"></property>
		<property name="State" type="i" access="read"></property>
		<property name="Type" type="i" access="read"></property>
		<property name="Capability" type="i" access="read"></property>
	</interface>
	<interface name="org.freedesktop.DBus.Introspectable">
		<method name="Introspect">
			<arg name="out" type="s" direction="out"></arg>
		</method>
	</interface>
	<interface name="org.freedesktop.DBus.Properties">
		<method name="Get">
			<arg name="interface" type="s" direction="in"></arg>
			<arg name="property" type="s" direction="in"></arg>
			<arg name="value" type="v" direction="out"></arg>
		</method>
		<method name="GetAll">
			<arg name="interface" type="s" direction="in"></arg>
			<arg name="props" type="a{sv}" direction="out"></arg>
		</method>
		<method name="Set">
			<arg name="interface" type="s" direction="in"></arg>
			<arg name="property" type="s" direction="in"></arg>
			<arg name="value" type="v" direction="in"></arg>
		</method>
		<signal name="PropertiesChanged">
			<arg name="interface" type="s" direction="out"></arg>
			<arg name="changed_properties" type="a{sv}" direction="out"></arg>
			<arg name="invalidates_properties" type="as" direction="out"></arg>
		</signal>
	</interface>
	<interface name="org.freedesktop.DBus.Peer">
		<method name="Ping"></method>
		<method name="GetMachineId">
			<arg name="machine_uuid" type="s" direction="out"></arg>
		</method>
	</interface>
</node>