<?xml version="1.0"?>
<!DOCTYPE node PUBLIC "-//freedesktop//DTD D-BUS Object Introspection 1.0//EN"
        "http://www.freedesktop.org/standards/dbus/1.0/introspect.dtd">
<node>
    <interface name="org.freedesktop.DBus.Introspectable">
        <method name="Introspect">
            <arg name="data" type="s" direction="out"/>
        </method>
    </interface>
    <interface name="org.freedesktop.DBus.Properties">
        <method name="Get">
            <arg name="interface" type="s" direction="in"/>
            <arg name="propname" type="s" direction="in"/>
            <arg name="value" type="v" direction="out"/>
        </method>
        <method name="GetAll">
            <arg name="interface" type="s" direction="in"/>
            <arg name="props" type="a{sv}" direction="out"/>
        </method>
        <method name="Set">
            <arg name="interface" type="s" direction="in"/>
            <arg name="propname" type="s" direction="in"/>
            <arg name="value" type="v" direction="in"/>
        </method>
    </interface>
    <interface name="fi.w1.wpa_supplicant1.Interface">
        <method name="Scan">
            <arg name="args" type="a{sv}" direction="in"/>
        </method>
        <method name="SignalPoll">
            <arg name="args" type="a{sv}" direction="out"/>
        </method>
        <method name="Disconnect"/>
        <method name="AddNetwork">
            <arg name="args" type="a{sv}" direction="in"/>
            <arg name="path" type="o" direction="out"/>
        </method>
        <method name="Reassociate"/>
        <method name="Reattach"/>
        <method name="Reconnect"/>
        <method name="RemoveNetwork">
            <arg name="path" type="o" direction="in"/>
        </method>
        <method name="RemoveAllNetworks"/>
        <method name="SelectNetwork">
            <arg name="path" type="o" direction="in"/>
        </method>
        <method name="NetworkReply">
            <arg name="path" type="o" direction="in"/>
            <arg name="field" type="s" direction="in"/>
            <arg name="value" type="s" direction="in"/>
        </method>
        <method name="AddBlob">
            <arg name="name" type="s" direction="in"/>
            <arg name="data" type="ay" direction="in"/>
        </method>
        <method name="GetBlob">
            <arg name="name" type="s" direction="in"/>
            <arg name="data" type="ay" direction="out"/>
        </method>
        <method name="RemoveBlob">
            <arg name="name" type="s" direction="in"/>
        </method>
        <method name="SetPKCS11EngineAndModulePath">
            <arg name="pkcs11_engine_path" type="s" direction="in"/>
            <arg name="pkcs11_module_path" type="s" direction="in"/>
        </method>
        <method name="FlushBSS">
            <arg name="age" type="u" direction="in"/>
        </method>
        <method name="SubscribeProbeReq"/>
        <method name="UnsubscribeProbeReq"/>
        <method name="EAPLogoff"/>
        <method name="EAPLogon"/>
        <method name="AutoScan">
            <arg name="arg" type="s" direction="in"/>
        </method>
        <method name="TDLSDiscover">
            <arg name="peer_address" type="s" direction="in"/>
        </method>
        <method name="TDLSSetup">
            <arg name="peer_address" type="s" direction="in"/>
        </method>
        <method name="TDLSStatus">
            <arg name="peer_address" type="s" direction="in"/>
            <arg name="status" type="s" direction="out"/>
        </method>
        <method name="TDLSTeardown">
            <arg name="peer_address" type="s" direction="in"/>
        </method>
        <method name="TDLSChannelSwitch">
            <arg name="args" type="a{sv}" direction="in"/>
        </method>
        <method name="TDLSCancelChannelSwitch">
            <arg name="peer_address" type="s" direction="in"/>
        </method>
        <method name="VendorElemAdd">
            <arg name="frame_id" type="i" direction="in"/>
            <arg name="ielems" type="ay" direction="in"/>
        </method>
        <method name="VendorElemGet">
            <arg name="frame_id" type="i" direction="in"/>
            <arg name="ielems" type="ay" direction="out"/>
        </method>
        <method name="VendorElemRem">
            <arg name="frame_id" type="i" direction="in"/>
            <arg name="ielems" type="ay" direction="in"/>
        </method>
        <method name="SaveConfig"/>
        <method name="AbortScan"/>
        <signal name="ScanDone">
            <arg name="success" type="b"/>
        </signal>
        <signal name="BSSAdded">
            <arg name="path" type="o"/>
            <arg name="properties" type="a{sv}"/>
        </signal>
        <signal name="BSSRemoved">
            <arg name="path" type="o"/>
        </signal>
        <signal name="BlobAdded">
            <arg name="name" type="s"/>
        </signal>
        <signal name="BlobRemoved">
            <arg name="name" type="s"/>
        </signal>
        <signal name="NetworkAdded">
            <arg name="path" type="o"/>
            <arg name="properties" type="a{sv}"/>
        </signal>
        <signal name="NetworkRemoved">
            <arg name="path" type="o"/>
        </signal>
        <signal name="NetworkSelected">
            <arg name="path" type="o"/>
        </signal>
        <signal name="PropertiesChanged">
            <arg name="properties" type="a{sv}"/>
        </signal>
        <signal name="ProbeRequest">
            <arg name="args" type="a{sv}"/>
        </signal>
        <signal name="Certification">
            <arg name="certification" type="a{sv}"/>
        </signal>
        <signal name="EAP">
            <arg name="status" type="s"/>
            <arg name="parameter" type="s"/>
        </signal>
        <signal name="StaAuthorized">
            <arg name="name" type="s"/>
        </signal>
        <signal name="StaDeauthorized">
            <arg name="name" type="s"/>
        </signal>
        <signal name="StationAdded">
            <arg name="path" type="o"/>
            <arg name="properties" type="a{sv}"/>
        </signal>
        <signal name="StationRemoved">
            <arg name="path" type="o"/>
        </signal>
        <signal name="NetworkRequest">
            <arg name="path" type="o"/>
            <arg name="field" type="s"/>
            <arg name="text" type="s"/>
        </signal>
        <property name="Capabilities" type="a{sv}" access="read"/>
        <property name="State" type="s" access="read"/>
        <property name="Scanning" type="b" access="read"/>
        <property name="ApScan" type="u" access="readwrite"/>
        <property name="BSSExpireAge" type="u" access="readwrite"/>
        <property name="BSSExpireCount" type="u" access="readwrite"/>
        <property name="Country" type="s" access="readwrite"/>
        <property name="Ifname" type="s" access="read"/>
        <property name="Driver" type="s" access="read"/>
        <property name="BridgeIfname" type="s" access="read"/>
        <property name="ConfigFile" type="s" access="read"/>
        <property name="CurrentBSS" type="o" access="read"/>
        <property name="CurrentNetwork" type="o" access="read"/>
        <property name="CurrentAuthMode" type="s" access="read"/>
        <property name="Blobs" type="a{say}" access="read"/>
        <property name="BSSs" type="ao" access="read"/>
        <property name="Networks" type="ao" access="read"/>
        <property name="FastReauth" type="b" access="readwrite"/>
        <property name="ScanInterval" type="i" access="readwrite"/>
        <property name="PKCS11EnginePath" type="s" access="read"/>
        <property name="PKCS11ModulePath" type="s" access="read"/>
        <property name="DisconnectReason" type="i" access="read"/>
        <property name="AuthStatusCode" type="i" access="read"/>
        <property name="AssocStatusCode" type="i" access="read"/>
        <property name="Stations" type="ao" access="read"/>
        <property name="CtrlInterface" type="s" access="readwrite"/>
        <property name="CtrlInterfaceGroup" type="s" access="readwrite"/>
        <property name="EapolVersion" type="s" access="readwrite"/>
        <property name="Bgscan" type="s" access="readwrite"/>
        <property name="DisableScanOffload" type="s" access="readwrite"/>
        <property name="OpenscEnginePath" type="s" access="readwrite"/>
        <property name="OpensslCiphers" type="s" access="readwrite"/>
        <property name="PcscReader" type="s" access="readwrite"/>
        <property name="PcscPin" type="s" access="readwrite"/>
        <property name="ExternalSim" type="s" access="readwrite"/>
        <property name="DriverParam" type="s" access="readwrite"/>
        <property name="Dot11RSNAConfigPMKLifetime" type="s" access="readwrite"/>
        <property name="Dot11RSNAConfigPMKReauthThreshold" type="s" access="readwrite"/>
        <property name="Dot11RSNAConfigSATimeout" type="s" access="readwrite"/>
        <property name="UpdateConfig" type="s" access="readwrite"/>
        <property name="Uuid" type="s" access="readwrite"/>
        <property name="AutoUuid" type="s" access="readwrite"/>
        <property name="DeviceName" type="s" access="readwrite"/>
        <property name="Manufacturer" type="s" access="readwrite"/>
        <property name="ModelName" type="s" access="readwrite"/>
        <property name="ModelNumber" type="s" access="readwrite"/>
        <property name="SerialNumber" type="s" access="readwrite"/>
        <property name="DeviceType" type="s" access="readwrite"/>
        <property name="OsVersion" type="s" access="readwrite"/>
        <property name="ConfigMethods" type="s" access="readwrite"/>
        <property name="WpsCredProcessing" type="s" access="readwrite"/>
        <property name="WpsVendorExtM1" type="s" access="readwrite"/>
        <property name="SecDeviceType" type="s" access="readwrite"/>
        <property name="P2pListenRegClass" type="s" access="readwrite"/>
        <property name="P2pListenChannel" type="s" access="readwrite"/>
        <property name="P2pOperRegClass" type="s" access="readwrite"/>
        <property name="P2pOperChannel" type="s" access="readwrite"/>
        <property name="P2pGoIntent" type="s" access="readwrite"/>
        <property name="P2pSsidPostfix" type="s" access="readwrite"/>
        <property name="PersistentReconnect" type="s" access="readwrite"/>
        <property name="P2pIntraBss" type="s" access="readwrite"/>
        <property name="P2pGroupIdle" type="s" access="readwrite"/>
        <property name="P2pGoFreqChangePolicy" type="s" access="readwrite"/>
        <property name="P2pPassphraseLen" type="s" access="readwrite"/>
        <property name="P2pPrefChan" type="s" access="readwrite"/>
        <property name="P2pNoGoFreq" type="s" access="readwrite"/>
        <property name="P2pAddCliChan" type="s" access="readwrite"/>
        <property name="P2pOptimizeListenChan" type="s" access="readwrite"/>
        <property name="P2pGoHt40" type="s" access="readwrite"/>
        <property name="P2pGoVht" type="s" access="readwrite"/>
        <property name="P2pGoHe" type="s" access="readwrite"/>
        <property name="P2pDisabled" type="s" access="readwrite"/>
        <property name="P2pGoCtwindow" type="s" access="readwrite"/>
        <property name="P2pNoGroupIface" type="s" access="readwrite"/>
        <property name="P2pIgnoreSharedFreq" type="s" access="readwrite"/>
        <property name="IpAddrGo" type="s" access="readwrite"/>
        <property name="IpAddrMask" type="s" access="readwrite"/>
        <property name="IpAddrStart" type="s" access="readwrite"/>
        <property name="IpAddrEnd" type="s" access="readwrite"/>
        <property name="P2pCliProbe" type="s" access="readwrite"/>
        <property name="P2pDeviceRandomMacAddr" type="s" access="readwrite"/>
        <property name="P2pDevicePersistentMacAddr" type="s" access="readwrite"/>
        <property name="P2pInterfaceRandomMacAddr" type="s" access="readwrite"/>
        <property name="BssMaxCount" type="s" access="readwrite"/>
        <property name="FilterSsids" type="s" access="readwrite"/>
        <property name="FilterRssi" type="s" access="readwrite"/>
        <property name="MaxNumSta" type="s" access="readwrite"/>
        <property name="ApIsolate" type="s" access="readwrite"/>
        <property name="DisassocLowAck" type="s" access="readwrite"/>
        <property name="Hs20" type="s" access="readwrite"/>
        <property name="Interworking" type="s" access="readwrite"/>
        <property name="Hessid" type="s" access="readwrite"/>
        <property name="AccessNetworkType" type="s" access="readwrite"/>
        <property name="GoInterworking" type="s" access="readwrite"/>
        <property name="GoAccessNetworkType" type="s" access="readwrite"/>
        <property name="GoInternet" type="s" access="readwrite"/>
        <property name="GoVenueGroup" type="s" access="readwrite"/>
        <property name="GoVenueType" type="s" access="readwrite"/>
        <property name="PbcInM1" type="s" access="readwrite"/>
        <property name="Autoscan" type="s" access="readwrite"/>
        <property name="WpsNfcDevPwId" type="s" access="readwrite"/>
        <property name="WpsNfcDhPubkey" type="s" access="readwrite"/>
        <property name="WpsNfcDhPrivkey" type="s" access="readwrite"/>
        <property name="WpsNfcDevPw" type="s" access="readwrite"/>
        <property name="ExtPasswordBackend" type="s" access="readwrite"/>
        <property name="P2pGoMaxInactivity" type="s" access="readwrite"/>
        <property name="AutoInterworking" type="s" access="readwrite"/>
        <property name="Okc" type="s" access="readwrite"/>
        <property name="Pmf" type="s" access="readwrite"/>
        <property name="SaeGroups" type="s" access="readwrite"/>
        <property name="DtimPeriod" type="s" access="readwrite"/>
        <property name="BeaconInt" type="s" access="readwrite"/>
        <property name="ApVendorElements" type="s" access="readwrite"/>
        <property name="IgnoreOldScanRes" type="s" access="readwrite"/>
        <property name="FreqList" type="s" access="readwrite"/>
        <property name="ScanCurFreq" type="s" access="readwrite"/>
        <property name="SchedScanInterval" type="s" access="readwrite"/>
        <property name="SchedScanStartDelay" type="s" access="readwrite"/>
        <property name="TdlsExternalControl" type="s" access="readwrite"/>
        <property name="OsuDir" type="s" access="readwrite"/>
        <property name="WowlanTriggers" type="s" access="readwrite"/>
        <property name="P2pSearchDelay" type="s" access="readwrite"/>
        <property name="MacAddr" type="s" access="readwrite"/>
        <property name="RandAddrLifetime" type="s" access="readwrite"/>
        <property name="PreassocMacAddr" type="s" access="readwrite"/>
        <property name="KeyMgmtOffload" type="s" access="readwrite"/>
        <property name="PassiveScan" type="s" access="readwrite"/>
        <property name="ReassocSameBssOptim" type="s" access="readwrite"/>
        <property name="WpsPriority" type="s" access="readwrite"/>
        <property name="FstGroupId" type="s" access="readwrite"/>
        <property name="FstPriority" type="s" access="readwrite"/>
        <property name="FstLlt" type="s" access="readwrite"/>
        <property name="CertInCb" type="s" access="readwrite"/>
        <property name="WpaRscRelaxation" type="s" access="readwrite"/>
        <property name="SchedScanPlans" type="s" access="readwrite"/>
        <property name="GasAddress3" type="s" access="readwrite"/>
        <property name="FtmResponder" type="s" access="readwrite"/>
        <property name="FtmInitiator" type="s" access="readwrite"/>
        <property name="GasRandAddrLifetime" type="s" access="readwrite"/>
        <property name="GasRandMacAddr" type="s" access="readwrite"/>
        <property name="DppConfigProcessing" type="s" access="readwrite"/>
        <property name="ColocIntfReporting" type="s" access="readwrite"/>
    </interface>
    <interface name="fi.w1.wpa_supplicant1.Interface.WPS">
        <method name="Start">
            <arg name="args" type="a{sv}" direction="in"/>
            <arg name="output" type="a{sv}" direction="out"/>
        </method>
        <method name="Cancel"/>
        <signal name="Event">
            <arg name="name" type="s"/>
            <arg name="args" type="a{sv}"/>
        </signal>
        <signal name="Credentials">
            <arg name="credentials" type="a{sv}"/>
        </signal>
        <signal name="PropertiesChanged">
            <arg name="properties" type="a{sv}"/>
        </signal>
        <property name="ProcessCredentials" type="b" access="readwrite"/>
        <property name="ConfigMethods" type="s" access="readwrite"/>
        <property name="DeviceName" type="s" access="readwrite"/>
        <property name="Manufacturer" type="s" access="readwrite"/>
        <property name="ModelName" type="s" access="readwrite"/>
        <property name="ModelNumber" type="s" access="readwrite"/>
        <property name="SerialNumber" type="s" access="readwrite"/>
        <property name="DeviceType" type="ay" access="readwrite"/>
    </interface>
    <interface name="fi.w1.wpa_supplicant1.Interface.P2PDevice">
        <method name="Find">
            <arg name="args" type="a{sv}" direction="in"/>
        </method>
        <method name="StopFind"/>
        <method name="Listen">
            <arg name="timeout" type="i" direction="in"/>
        </method>
        <method name="ExtendedListen">
            <arg name="args" type="a{sv}" direction="in"/>
        </method>
        <method name="PresenceRequest">
            <arg name="args" type="a{sv}" direction="in"/>
        </method>
        <method name="ProvisionDiscoveryRequest">
            <arg name="peer" type="o" direction="in"/>
            <arg name="config_method" type="s" direction="in"/>
        </method>
        <method name="Connect">
            <arg name="args" type="a{sv}" direction="in"/>
            <arg name="generated_pin" type="s" direction="out"/>
        </method>
        <method name="GroupAdd">
            <arg name="args" type="a{sv}" direction="in"/>
        </method>
        <method name="Cancel"/>
        <method name="Invite">
            <arg name="args" type="a{sv}" direction="in"/>
        </method>
        <method name="Disconnect"/>
        <method name="RejectPeer">
            <arg name="peer" type="o" direction="in"/>
        </method>
        <method name="RemoveClient">
            <arg name="args" type="a{sv}" direction="in"/>
        </method>
        <method name="Flush"/>
        <method name="AddService">
            <arg name="args" type="a{sv}" direction="in"/>
        </method>
        <method name="DeleteService">
            <arg name="args" type="a{sv}" direction="in"/>
        </method>
        <method name="FlushService"/>
        <method name="ServiceDiscoveryRequest">
            <arg name="args" type="a{sv}" direction="in"/>
            <arg name="ref" type="t" direction="out"/>
        </method>
        <method name="ServiceDiscoveryResponse">
            <arg name="args" type="a{sv}" direction="in"/>
        </method>
        <method name="ServiceDiscoveryCancelRequest">
            <arg name="args" type="t" direction="in"/>
        </method>
        <method name="ServiceUpdate"/>
        <method name="ServiceDiscoveryExternal">
            <arg name="arg" type="i" direction="in"/>
        </method>
        <method name="AddPersistentGroup">
            <arg name="args" type="a{sv}" direction="in"/>
            <arg name="path" type="o" direction="out"/>
        </method>
        <method name="RemovePersistentGroup">
            <arg name="path" type="o" direction="in"/>
        </method>
        <method name="RemoveAllPersistentGroups"/>
        <signal name="DeviceFound">
            <arg name="path" type="o"/>
        </signal>
        <signal name="DeviceFoundProperties">
            <arg name="path" type="o"/>
            <arg name="properties" type="a{sv}"/>
        </signal>
        <signal name="DeviceLost">
            <arg name="path" type="o"/>
        </signal>
        <signal name="FindStopped"/>
        <signal name="ProvisionDiscoveryRequestDisplayPin">
            <arg name="peer_object" type="o"/>
            <arg name="pin" type="s"/>
        </signal>
        <signal name="ProvisionDiscoveryResponseDisplayPin">
            <arg name="peer_object" type="o"/>
            <arg name="pin" type="s"/>
        </signal>
        <signal name="ProvisionDiscoveryRequestEnterPin">
            <arg name="peer_object" type="o"/>
        </signal>
        <signal name="ProvisionDiscoveryResponseEnterPin">
            <arg name="peer_object" type="o"/>
        </signal>
        <signal name="ProvisionDiscoveryPBCRequest">
            <arg name="peer_object" type="o"/>
        </signal>
        <signal name="ProvisionDiscoveryPBCResponse">
            <arg name="peer_object" type="o"/>
        </signal>
        <signal name="ProvisionDiscoveryFailure">
            <arg name="peer_object" type="o"/>
            <arg name="status" type="i"/>
        </signal>
        <signal name="GroupStarted">
            <arg name="properties" type="a{sv}"/>
        </signal>
        <signal name="GroupFormationFailure">
            <arg name="reason" type="s"/>
        </signal>
        <signal name="GONegotiationSuccess">
            <arg name="properties" type="a{sv}"/>
        </signal>
        <signal name="GONegotiationFailure">
            <arg name="properties" type="a{sv}"/>
        </signal>
        <signal name="GONegotiationRequest">
            <arg name="path" type="o"/>
            <arg name="dev_passwd_id" type="q"/>
            <arg name="device_go_intent" type="y"/>
        </signal>
        <signal name="InvitationResult">
            <arg name="invite_result" type="a{sv}"/>
        </signal>
        <signal name="GroupFinished">
            <arg name="properties" type="a{sv}"/>
        </signal>
        <signal name="ServiceDiscoveryRequest">
            <arg name="sd_request" type="a{sv}"/>
        </signal>
        <signal name="ServiceDiscoveryResponse">
            <arg name="sd_response" type="a{sv}"/>
        </signal>
        <signal name="PersistentGroupAdded">
            <arg name="path" type="o"/>
            <arg name="properties" type="a{sv}"/>
        </signal>
        <signal name="PersistentGroupRemoved">
            <arg name="path" type="o"/>
        </signal>
        <signal name="WpsFailed">
            <arg name="name" type="s"/>
            <arg name="args" type="a{sv}"/>
        </signal>
        <signal name="InvitationReceived">
            <arg name="properties" type="a{sv}"/>
        </signal>
        <property name="P2PDeviceConfig" type="a{sv}" access="readwrite"/>
        <property name="Peers" type="ao" access="read"/>
        <property name="Role" type="s" access="read"/>
        <property name="Group" type="o" access="read"/>
        <property name="PeerGO" type="o" access="read"/>
        <property name="PersistentGroups" type="ao" access="read"/>
    </interface>
    <node name="BSSs"/>
</node>
