<!DOCTYPE node PUBLIC "-//freedesktop//DTD D-BUS Object Introspection 1.0//EN"
        "http://www.freedesktop.org/standards/dbus/1.0/introspect.dtd">
<node>
    <interface name="org.freedesktop.DBus.Introspectable">
        <method name="Introspect">
            <arg name="xml" type="s" direction="out"/>
        </method>
    </interface>
    <interface name="org.bluez.Adapter1">
        <method name="StartDiscovery"></method>
        <method name="SetDiscoveryFilter">
            <arg name="properties" type="a{sv}" direction="in"/>
        </method>
        <method name="StopDiscovery"></method>
        <method name="RemoveDevice">
            <arg name="device" type="o" direction="in"/>
        </method>
        <property name="Address" type="s" access="read"></property>
        <property name="Name" type="s" access="read"></property>
        <property name="Alias" type="s" access="readwrite"></property>
        <property name="Class" type="u" access="read"></property>
        <property name="Powered" type="b" access="readwrite"></property>
        <property name="Discoverable" type="b" access="readwrite"></property>
        <property name="DiscoverableTimeout" type="u" access="readwrite"></property>
        <property name="Pairable" type="b" access="readwrite"></property>
        <property name="PairableTimeout" type="u" access="readwrite"></property>
        <property name="Discovering" type="b" access="read"></property>
        <property name="UUIDs" type="as" access="read"></property>
        <property name="Modalias" type="s" access="read"></property>
    </interface>
    <interface name="org.freedesktop.DBus.Properties">
        <method name="Get">
            <arg name="interface" type="s" direction="in"/>
            <arg name="name" type="s" direction="in"/>
            <arg name="value" type="v" direction="out"/>
        </method>
        <method name="Set">
            <arg name="interface" type="s" direction="in"/>
            <arg name="name" type="s" direction="in"/>
            <arg name="value" type="v" direction="in"/>
        </method>
        <method name="GetAll">
            <arg name="interface" type="s" direction="in"/>
            <arg name="properties" type="a{sv}" direction="out"/>
        </method>
        <signal name="PropertiesChanged">
            <arg name="interface" type="s"/>
            <arg name="changed_properties" type="a{sv}"/>
            <arg name="invalidated_properties" type="as"/>
        </signal>
    </interface>
    <interface name="org.bluez.GattManager1">
        <method name="RegisterApplication">
            <arg name="application" type="o" direction="in"/>
            <arg name="options" type="a{sv}" direction="in"/>
        </method>
        <method name="UnregisterApplication">
            <arg name="application" type="o" direction="in"/>
        </method>
    </interface>
    <interface name="org.bluez.Media1">
        <method name="RegisterEndpoint">
            <arg name="endpoint" type="o" direction="in"/>
            <arg name="properties" type="a{sv}" direction="in"/>
        </method>
        <method name="UnregisterEndpoint">
            <arg name="endpoint" type="o" direction="in"/>
        </method>
        <method name="RegisterPlayer">
            <arg name="player" type="o" direction="in"/>
            <arg name="properties" type="a{sv}" direction="in"/>
        </method>
        <method name="UnregisterPlayer">
            <arg name="player" type="o" direction="in"/>
        </method>
    </interface>
    <interface name="org.bluez.NetworkServer1">
        <method name="Register">
            <arg name="uuid" type="s" direction="in"/>
            <arg name="bridge" type="s" direction="in"/>
        </method>
        <method name="Unregister">
            <arg name="uuid" type="s" direction="in"/>
        </method>
    </interface>
    <node name="dev_20_73_00_7A_1B_4F"/>
    <node name="dev_5C_A8_6A_79_D0_45"/>
    <node name="dev_E5_FC_AF_A8_04_98"/>
    <node name="dev_F4_8B_32_9F_EF_89"/>
</node>
