<!DOCTYPE node PUBLIC "-//freedesktop//DTD D-BUS Object Introspection 1.0//EN"
"http://www.freedesktop.org/standards/dbus/1.0/introspect.dtd">
<node>
  <interface name="com.deepin.wm">
    <property access="readwrite" type="b" name="compositingEnabled"/>
    <property access="read" type="b" name="compositingPossible"/>
    <property access="read" type="b" name="compositingAllowSwitch"/>
    <property access="readwrite" type="b" name="zoneEnabled"/>
    <property access="readwrite" type="s" name="cursorTheme"/>
    <property access="readwrite" type="i" name="cursorSize"/>
    <method name="SwitchApplication">
      <arg direction="in" type="b" name="backward"/>
    </method>
    <method name="TileActiveWindow">
      <arg direction="in" type="u" name="side"/>
    </method>
    <method name="BeginToMoveActiveWindow"/>
    <method name="ToggleActiveWindowMaximize"/>
    <method name="MinimizeActiveWindow"/>
    <method name="ShowWorkspace"/>
    <method name="ShowWindow"/>
    <method name="ShowAllWindow"/>
    <method name="ClearMoveStatus"/>
    <method name="TouchToMove">
      <arg direction="in" type="i" name="x"/>
      <arg direction="in" type="i" name="y"/>
    </method>
    <method name="PerformAction">
      <arg direction="in" type="i" name="type"/>
    </method>
    <method name="PreviewWindow">
      <arg direction="in" type="u" name="xid"/>
    </method>
    <method name="CancelPreviewWindow"/>
    <method name="GetCurrentWorkspaceBackground">
      <arg direction="out" type="s" name="result"/>
    </method>
    <method name="SetCurrentWorkspaceBackground">
      <arg direction="in" type="s" name="uri"/>
    </method>
    <method name="GetWorkspaceBackground">
      <arg direction="in" type="i" name="index"/>
      <arg direction="out" type="s" name="result"/>
    </method>
    <method name="SetWorkspaceBackground">
      <arg direction="in" type="i" name="index"/>
      <arg direction="in" type="s" name="uri"/>
    </method>
    <method name="SetTransientBackground">
      <arg direction="in" type="s"/>
    </method>
    <method name="GetCurrentWorkspaceBackgroundForMonitor">
      <arg direction="in" type="s" name="strMonitorName"/>
      <arg direction="out" type="s" name="result"/>
    </method>
    <method name="SetCurrentWorkspaceBackgroundForMonitor">
      <arg direction="in" type="s" name="uri"/>
      <arg direction="in" type="s" name="strMonitorName"/>
    </method>
    <method name="GetWorkspaceBackgroundForMonitor">
      <arg direction="in" type="i" name="index"/>
      <arg direction="in" type="s" name="strMonitorName"/>
      <arg direction="out" type="s" name="result"/>
    </method>
    <method name="SetWorkspaceBackgroundForMonitor">
      <arg direction="in" type="i" name="index"/>
      <arg direction="in" type="s" name="strMonitorName"/>
      <arg direction="in" type="s" name="uri"/>
    </method>
    <method name="SetTransientBackgroundForMonitor">
      <arg direction="in" type="s" name="uri"/>
      <arg direction="in" type="s" name="strMonitorName"/>
    </method>
    <method name="GetCurrentWorkspace">
      <arg direction="out" type="i" name="index"/>
    </method>
    <method name="WorkspaceCount">
      <arg direction="out" type="i" name="count"/>
    </method>
    <method name="SetCurrentWorkspace">
      <arg direction="in" type="i" name="index"/>
    </method>
    <method name="PreviousWorkspace"/>
    <method name="NextWorkspace"/>
    <method name="GetAllAccels">
      <arg direction="out" type="s" name="data"/>
    </method>
    <method name="GetAccel">
      <arg direction="in" type="s" name="id"/>
      <arg direction="out" type="as" name="data"/>
    </method>
    <method name="GetDefaultAccel">
      <arg direction="in" type="s" name="id"/>
      <arg direction="out" type="as" name="data"/>
    </method>
    <method name="SetAccel">
      <arg direction="in" type="s" name="data"/>
      <arg direction="out" type="b" name="result"/>
    </method>
    <method name="RemoveAccel">
      <arg direction="in" type="s" name="id"/>
    </method>
    <method name="SetDecorationTheme">
      <arg direction="in" type="s" name="themeType"/>
      <arg direction="in" type="s" name="themeName"/>
    </method>
    <method name="SetDecorationDeepinTheme">
      <arg direction="in" type="s" name="deepinThemeName"/>
    </method>
    <signal name="WorkspaceBackgroundChanged">
      <arg type="i" name="index"/>
      <arg type="s" name="newUri"/>
    </signal>
    <signal name="WorkspaceBackgroundChangedForMonitor">
      <arg type="i" name="index"/>
      <arg type="s" name="monitor"/>
      <arg type="s" name="newUri"/>
    </signal>
    <signal name="compositingEnabledChanged">
      <arg type="b" name="enabled"/>
    </signal>
    <signal name="wmCompositingEnabledChanged">
      <arg type="b" name="enabled"/>
    </signal>
    <signal name="workspaceCountChanged">
      <arg type="i" name="count"/>
    </signal>
    <method name="ChangeCurrentWorkspaceBackground">
      <arg direction="in" type="s" name="uri"/>
    </method>
    <method name="SwitchToWorkspace">
      <arg direction="in" type="b" name="backward"/>
    </method>
    <method name="PresentWindows">
      <arg direction="in" type="au" name="xids"/>
      <annotation value="QList&lt;uint&gt;" name="org.qtproject.QtDBus.QtTypeName.In0"/>
    </method>
    <method name="EnableZoneDetected">
      <arg direction="in" type="b" name="enabled"/>
    </method>
    <method name="GetIsShowDesktop">
      <arg direction="out" type="b" name="isShowDesktop"/>
    </method>
    <method name="GetMultiTaskingStatus">
      <arg direction="out" type="b" name="isActive"/>
    </method>
    <signal name="WorkspaceSwitched">
      <arg type="i" name="from"/>
      <arg type="i" name="to"/>
    </signal>
  </interface>
  <interface name="org.freedesktop.DBus.Properties">
    <method name="Get">
      <arg name="interface_name" type="s" direction="in"/>
      <arg name="property_name" type="s" direction="in"/>
      <arg name="value" type="v" direction="out"/>
    </method>
    <method name="Set">
      <arg name="interface_name" type="s" direction="in"/>
      <arg name="property_name" type="s" direction="in"/>
      <arg name="value" type="v" direction="in"/>
    </method>
    <method name="GetAll">
      <arg name="interface_name" type="s" direction="in"/>
      <arg name="values" type="a{sv}" direction="out"/>
      <annotation name="org.qtproject.QtDBus.QtTypeName.Out0" value="QVariantMap"/>
    </method>
    <signal name="PropertiesChanged">
      <arg name="interface_name" type="s" direction="out"/>
      <arg name="changed_properties" type="a{sv}" direction="out"/>
      <annotation name="org.qtproject.QtDBus.QtTypeName.Out1" value="QVariantMap"/>
      <arg name="invalidated_properties" type="as" direction="out"/>
    </signal>
  </interface>
  <interface name="org.freedesktop.DBus.Introspectable">
    <method name="Introspect">
      <arg name="xml_data" type="s" direction="out"/>
    </method>
  </interface>
  <interface name="org.freedesktop.DBus.Peer">
    <method name="Ping"/>
    <method name="GetMachineId">
      <arg name="machine_uuid" type="s" direction="out"/>
    </method>
  </interface>
</node>
