<!DOCTYPE node PUBLIC "-//freedesktop//DTD D-BUS Object Introspection 1.0//EN"
                      "http://www.freedesktop.org/standards/dbus/1.0/introspect.dtd">
<!-- GDBus 2.53.4 -->
<node>
  <interface name="org.freedesktop.DBus.Properties">
    <method name="Get">
      <arg type="s" name="interface_name" direction="in"/>
      <arg type="s" name="property_name" direction="in"/>
      <arg type="v" name="value" direction="out"/>
    </method>
    <method name="GetAll">
      <arg type="s" name="interface_name" direction="in"/>
      <arg type="a{sv}" name="properties" direction="out"/>
    </method>
    <method name="Set">
      <arg type="s" name="interface_name" direction="in"/>
      <arg type="s" name="property_name" direction="in"/>
      <arg type="v" name="value" direction="in"/>
    </method>
    <signal name="PropertiesChanged">
      <arg type="s" name="interface_name"/>
      <arg type="a{sv}" name="changed_properties"/>
      <arg type="as" name="invalidated_properties"/>
    </signal>
  </interface>
  <interface name="org.freedesktop.DBus.Introspectable">
    <method name="Introspect">
      <arg type="s" name="xml_data" direction="out"/>
    </method>
  </interface>
  <interface name="org.freedesktop.DBus.Peer">
    <method name="Ping"/>
    <method name="GetMachineId">
      <arg type="s" name="machine_uuid" direction="out"/>
    </method>
  </interface>
  <interface name="org.freedesktop.UDisks2.Partition">
    <method name="SetType">
      <arg type="s" name="type" direction="in"/>
      <arg type="a{sv}" name="options" direction="in"/>
    </method>
    <method name="SetName">
      <arg type="s" name="name" direction="in"/>
      <arg type="a{sv}" name="options" direction="in"/>
    </method>
    <method name="SetFlags">
      <arg type="t" name="flags" direction="in"/>
      <arg type="a{sv}" name="options" direction="in"/>
    </method>
    <method name="Delete">
      <arg type="a{sv}" name="options" direction="in"/>
    </method>
    <property type="u" name="Number" access="read"/>
    <property type="s" name="Type" access="read"/>
    <property type="t" name="Flags" access="read"/>
    <property type="t" name="Offset" access="read"/>
    <property type="t" name="Size" access="read"/>
    <property type="s" name="Name" access="read"/>
    <property type="s" name="UUID" access="read"/>
    <property type="o" name="Table" access="read"/>
    <property type="b" name="IsContainer" access="read"/>
    <property type="b" name="IsContained" access="read"/>
  </interface>
  <interface name="org.freedesktop.UDisks2.Filesystem">
    <method name="SetLabel">
      <arg type="s" name="label" direction="in"/>
      <arg type="a{sv}" name="options" direction="in"/>
    </method>
    <method name="Mount">
      <arg type="a{sv}" name="options" direction="in"/>
      <arg type="s" name="mount_path" direction="out"/>
    </method>
    <method name="Unmount">
      <arg type="a{sv}" name="options" direction="in"/>
    </method>
    <property type="aay" name="MountPoints" access="read"/>
  </interface>
  <interface name="org.freedesktop.UDisks2.Block">
    <method name="AddConfigurationItem">
      <arg type="(sa{sv})" name="item" direction="in"/>
      <arg type="a{sv}" name="options" direction="in"/>
    </method>
    <method name="RemoveConfigurationItem">
      <arg type="(sa{sv})" name="item" direction="in"/>
      <arg type="a{sv}" name="options" direction="in"/>
    </method>
    <method name="UpdateConfigurationItem">
      <arg type="(sa{sv})" name="old_item" direction="in"/>
      <arg type="(sa{sv})" name="new_item" direction="in"/>
      <arg type="a{sv}" name="options" direction="in"/>
    </method>
    <method name="GetSecretConfiguration">
      <arg type="a{sv}" name="options" direction="in"/>
      <arg type="a(sa{sv})" name="configuration" direction="out"/>
    </method>
    <method name="Format">
      <arg type="s" name="type" direction="in"/>
      <arg type="a{sv}" name="options" direction="in"/>
    </method>
    <method name="OpenForBackup">
      <arg type="a{sv}" name="options" direction="in"/>
      <arg type="h" name="fd" direction="out"/>
    </method>
    <method name="OpenForRestore">
      <arg type="a{sv}" name="options" direction="in"/>
      <arg type="h" name="fd" direction="out"/>
    </method>
    <method name="OpenForBenchmark">
      <arg type="a{sv}" name="options" direction="in"/>
      <arg type="h" name="fd" direction="out"/>
    </method>
    <method name="Rescan">
      <arg type="a{sv}" name="options" direction="in"/>
    </method>
    <property type="ay" name="Device" access="read"/>
    <property type="ay" name="PreferredDevice" access="read"/>
    <property type="aay" name="Symlinks" access="read"/>
    <property type="t" name="DeviceNumber" access="read"/>
    <property type="s" name="Id" access="read"/>
    <property type="t" name="Size" access="read"/>
    <property type="b" name="ReadOnly" access="read"/>
    <property type="o" name="Drive" access="read"/>
    <property type="o" name="MDRaid" access="read"/>
    <property type="o" name="MDRaidMember" access="read"/>
    <property type="s" name="IdUsage" access="read"/>
    <property type="s" name="IdType" access="read"/>
    <property type="s" name="IdVersion" access="read"/>
    <property type="s" name="IdLabel" access="read"/>
    <property type="s" name="IdUUID" access="read"/>
    <property type="a(sa{sv})" name="Configuration" access="read"/>
    <property type="o" name="CryptoBackingDevice" access="read"/>
    <property type="b" name="HintPartitionable" access="read"/>
    <property type="b" name="HintSystem" access="read"/>
    <property type="b" name="HintIgnore" access="read"/>
    <property type="b" name="HintAuto" access="read"/>
    <property type="s" name="HintName" access="read"/>
    <property type="s" name="HintIconName" access="read"/>
    <property type="s" name="HintSymbolicIconName" access="read"/>
  </interface>
  <interface name="org.freedesktop.UDisks2.PartitionTable">
    <method name="CreatePartition">
      <arg type="t" name="offset" direction="in"/>
      <arg type="t" name="size" direction="in"/>
      <arg type="s" name="type" direction="in"/>
      <arg type="s" name="name" direction="in"/>
      <arg type="a{sv}" name="options" direction="in"/>
      <arg type="o" name="created_partition" direction="out"/>
    </method>
    <property type="s" name="Type" access="read"/>
  </interface>
</node>
