<!DOCTYPE node PUBLIC "-//freedesktop//DTD D-BUS Object Introspection 1.0//EN"
                      "http://www.freedesktop.org/standards/dbus/1.0/introspect.dtd">
<!-- GDBus 2.53.4 -->
<node>
  <interface name="org.freedesktop.DBus.Properties">
    <method name="Get">
      <arg type="s" name="interface_name" direction="in"/>
      <arg type="s" name="property_name" direction="in"/>
      <arg type="v" name="value" direction="out"/>
    </method>
    <method name="GetAll">
      <arg type="s" name="interface_name" direction="in"/>
      <arg type="a{sv}" name="properties" direction="out"/>
    </method>
    <method name="Set">
      <arg type="s" name="interface_name" direction="in"/>
      <arg type="s" name="property_name" direction="in"/>
      <arg type="v" name="value" direction="in"/>
    </method>
    <signal name="PropertiesChanged">
      <arg type="s" name="interface_name"/>
      <arg type="a{sv}" name="changed_properties"/>
      <arg type="as" name="invalidated_properties"/>
    </signal>
  </interface>
  <interface name="org.freedesktop.DBus.Introspectable">
    <method name="Introspect">
      <arg type="s" name="xml_data" direction="out"/>
    </method>
  </interface>
  <interface name="org.freedesktop.DBus.Peer">
    <method name="Ping"/>
    <method name="GetMachineId">
      <arg type="s" name="machine_uuid" direction="out"/>
    </method>
  </interface>
  <interface name="org.freedesktop.UDisks2.Drive.Ata">
    <method name="SmartUpdate">
      <arg type="a{sv}" name="options" direction="in"/>
    </method>
    <method name="SmartGetAttributes">
      <arg type="a{sv}" name="options" direction="in"/>
      <arg type="a(ysqiiixia{sv})" name="attributes" direction="out"/>
    </method>
    <method name="SmartSelftestStart">
      <arg type="s" name="type" direction="in"/>
      <arg type="a{sv}" name="options" direction="in"/>
    </method>
    <method name="SmartSelftestAbort">
      <arg type="a{sv}" name="options" direction="in"/>
    </method>
    <method name="SmartSetEnabled">
      <arg type="b" name="value" direction="in"/>
      <arg type="a{sv}" name="options" direction="in"/>
    </method>
    <method name="PmGetState">
      <arg type="a{sv}" name="options" direction="in"/>
      <arg type="y" name="state" direction="out"/>
    </method>
    <method name="PmStandby">
      <arg type="a{sv}" name="options" direction="in"/>
    </method>
    <method name="PmWakeup">
      <arg type="a{sv}" name="options" direction="in"/>
    </method>
    <method name="SecurityEraseUnit">
      <arg type="a{sv}" name="options" direction="in"/>
    </method>
    <property type="b" name="SmartSupported" access="read"/>
    <property type="b" name="SmartEnabled" access="read"/>
    <property type="t" name="SmartUpdated" access="read"/>
    <property type="b" name="SmartFailing" access="read"/>
    <property type="t" name="SmartPowerOnSeconds" access="read"/>
    <property type="d" name="SmartTemperature" access="read"/>
    <property type="i" name="SmartNumAttributesFailing" access="read"/>
    <property type="i" name="SmartNumAttributesFailedInThePast" access="read"/>
    <property type="x" name="SmartNumBadSectors" access="read"/>
    <property type="s" name="SmartSelftestStatus" access="read"/>
    <property type="i" name="SmartSelftestPercentRemaining" access="read"/>
    <property type="b" name="PmSupported" access="read"/>
    <property type="b" name="PmEnabled" access="read"/>
    <property type="b" name="ApmSupported" access="read"/>
    <property type="b" name="ApmEnabled" access="read"/>
    <property type="b" name="AamSupported" access="read"/>
    <property type="b" name="AamEnabled" access="read"/>
    <property type="i" name="AamVendorRecommendedValue" access="read"/>
    <property type="b" name="WriteCacheSupported" access="read"/>
    <property type="b" name="WriteCacheEnabled" access="read"/>
    <property type="b" name="ReadLookaheadSupported" access="read"/>
    <property type="b" name="ReadLookaheadEnabled" access="read"/>
    <property type="i" name="SecurityEraseUnitMinutes" access="read"/>
    <property type="i" name="SecurityEnhancedEraseUnitMinutes" access="read"/>
    <property type="b" name="SecurityFrozen" access="read"/>
  </interface>
  <interface name="org.freedesktop.UDisks2.Drive">
    <method name="Eject">
      <arg type="a{sv}" name="options" direction="in"/>
    </method>
    <method name="SetConfiguration">
      <arg type="a{sv}" name="value" direction="in"/>
      <arg type="a{sv}" name="options" direction="in"/>
    </method>
    <method name="PowerOff">
      <arg type="a{sv}" name="options" direction="in"/>
    </method>
    <property type="s" name="Vendor" access="read"/>
    <property type="s" name="Model" access="read"/>
    <property type="s" name="Revision" access="read"/>
    <property type="s" name="Serial" access="read"/>
    <property type="s" name="WWN" access="read"/>
    <property type="s" name="Id" access="read"/>
    <property type="a{sv}" name="Configuration" access="read"/>
    <property type="s" name="Media" access="read"/>
    <property type="as" name="MediaCompatibility" access="read"/>
    <property type="b" name="MediaRemovable" access="read"/>
    <property type="b" name="MediaAvailable" access="read"/>
    <property type="b" name="MediaChangeDetected" access="read"/>
    <property type="t" name="Size" access="read"/>
    <property type="t" name="TimeDetected" access="read"/>
    <property type="t" name="TimeMediaDetected" access="read"/>
    <property type="b" name="Optical" access="read"/>
    <property type="b" name="OpticalBlank" access="read"/>
    <property type="u" name="OpticalNumTracks" access="read"/>
    <property type="u" name="OpticalNumAudioTracks" access="read"/>
    <property type="u" name="OpticalNumDataTracks" access="read"/>
    <property type="u" name="OpticalNumSessions" access="read"/>
    <property type="i" name="RotationRate" access="read"/>
    <property type="s" name="ConnectionBus" access="read"/>
    <property type="s" name="Seat" access="read"/>
    <property type="b" name="Removable" access="read"/>
    <property type="b" name="Ejectable" access="read"/>
    <property type="s" name="SortKey" access="read"/>
    <property type="b" name="CanPowerOff" access="read"/>
    <property type="s" name="SiblingId" access="read"/>
  </interface>
</node>
