<!DOCTYPE node PUBLIC "-//freedesktop//DTD D-BUS Object Introspection 1.0//EN"
                      "http://www.freedesktop.org/standards/dbus/1.0/introspect.dtd">
<!-- GDBus 2.53.4 -->
<node>
  <interface name="org.freedesktop.DBus.Properties">
    <method name="Get">
      <arg type="s" name="interface_name" direction="in"/>
      <arg type="s" name="property_name" direction="in"/>
      <arg type="v" name="value" direction="out"/>
    </method>
    <method name="GetAll">
      <arg type="s" name="interface_name" direction="in"/>
      <arg type="a{sv}" name="properties" direction="out"/>
    </method>
    <method name="Set">
      <arg type="s" name="interface_name" direction="in"/>
      <arg type="s" name="property_name" direction="in"/>
      <arg type="v" name="value" direction="in"/>
    </method>
    <signal name="PropertiesChanged">
      <arg type="s" name="interface_name"/>
      <arg type="a{sv}" name="changed_properties"/>
      <arg type="as" name="invalidated_properties"/>
    </signal>
  </interface>
  <interface name="org.freedesktop.DBus.Introspectable">
    <method name="Introspect">
      <arg type="s" name="xml_data" direction="out"/>
    </method>
  </interface>
  <interface name="org.freedesktop.DBus.Peer">
    <method name="Ping"/>
    <method name="GetMachineId">
      <arg type="s" name="machine_uuid" direction="out"/>
    </method>
  </interface>
  <interface name="org.freedesktop.UDisks2.Manager">
    <method name="LoopSetup">
      <arg type="h" name="fd" direction="in"/>
      <arg type="a{sv}" name="options" direction="in"/>
      <arg type="o" name="resulting_device" direction="out"/>
    </method>
    <method name="MDRaidCreate">
      <arg type="ao" name="blocks" direction="in"/>
      <arg type="s" name="level" direction="in"/>
      <arg type="s" name="name" direction="in"/>
      <arg type="t" name="chunk" direction="in"/>
      <arg type="a{sv}" name="options" direction="in"/>
      <arg type="o" name="resulting_array" direction="out"/>
    </method>
    <property type="s" name="Version" access="read"/>
  </interface>
</node>
