<!DOCTYPE node PUBLIC "-//freedesktop//DTD D-BUS Object Introspection 1.0//EN"
        "http://www.freedesktop.org/standards/dbus/1.0/introspect.dtd">
<node>
    <interface name="com.deepin.dde.daemon.Launcher">
        <method name="GetAllItemInfos">
            <arg name="itemInfoList" type="a(ssssxx)" direction="out"></arg>
        </method>
        <method name="GetAllNewInstalledApps">
            <arg name="apps" type="as" direction="out"></arg>
        </method>
        <method name="GetDisableScaling">
            <arg name="id" type="s" direction="in"></arg>
            <arg name="value" type="b" direction="out"></arg>
        </method>
        <method name="GetItemInfo">
            <arg name="id" type="s" direction="in"></arg>
            <arg name="itemInfo" type="(ssssxx)" direction="out"></arg>
        </method>
        <method name="GetUseProxy">
            <arg name="id" type="s" direction="in"></arg>
            <arg name="value" type="b" direction="out"></arg>
        </method>
        <method name="IsItemOnDesktop">
            <arg name="id" type="s" direction="in"></arg>
            <arg name="result" type="b" direction="out"></arg>
        </method>
        <method name="MarkLaunched">
            <arg name="id" type="s" direction="in"></arg>
        </method>
        <method name="RequestRemoveFromDesktop">
            <arg name="id" type="s" direction="in"></arg>
            <arg name="ok" type="b" direction="out"></arg>
        </method>
        <method name="RequestSendToDesktop">
            <arg name="id" type="s" direction="in"></arg>
            <arg name="ok" type="b" direction="out"></arg>
        </method>
        <method name="RequestUninstall">
            <arg name="id" type="s" direction="in"></arg>
            <arg name="purge" type="b" direction="in"></arg>
        </method>
        <method name="Search">
            <arg name="key" type="s" direction="in"></arg>
        </method>
        <method name="SetDisableScaling">
            <arg name="id" type="s" direction="in"></arg>
            <arg name="value" type="b" direction="in"></arg>
        </method>
        <method name="SetUseProxy">
            <arg name="id" type="s" direction="in"></arg>
            <arg name="value" type="b" direction="in"></arg>
        </method>
        <signal name="SearchDone">
            <arg name="apps" type="as"></arg>
        </signal>
        <signal name="ItemChanged">
            <arg name="status" type="s"></arg>
            <arg name="itemInfo" type="(ssssxx)"></arg>
            <arg name="categoryID" type="x"></arg>
        </signal>
        <signal name="NewAppLaunched">
            <arg name="appID" type="s"></arg>
        </signal>
        <signal name="UninstallSuccess">
            <arg name="appID" type="s"></arg>
        </signal>
        <signal name="UninstallFailed">
            <arg name="appId" type="s"></arg>
            <arg name="errMsg" type="s"></arg>
        </signal>
        <property name="Fullscreen" type="b" access="readwrite"></property>
        <property name="DisplayMode" type="i" access="readwrite"></property>
    </interface>
    <interface name="org.freedesktop.DBus.Introspectable">
        <method name="Introspect">
            <arg name="out" type="s" direction="out"></arg>
        </method>
    </interface>
    <interface name="org.freedesktop.DBus.Properties">
        <method name="Get">
            <arg name="interface" type="s" direction="in"></arg>
            <arg name="property" type="s" direction="in"></arg>
            <arg name="value" type="v" direction="out"></arg>
        </method>
        <method name="GetAll">
            <arg name="interface" type="s" direction="in"></arg>
            <arg name="props" type="a{sv}" direction="out"></arg>
        </method>
        <method name="Set">
            <arg name="interface" type="s" direction="in"></arg>
            <arg name="property" type="s" direction="in"></arg>
            <arg name="value" type="v" direction="in"></arg>
        </method>
        <signal name="PropertiesChanged">
            <arg name="interface" type="s" direction="out"></arg>
            <arg name="changed_properties" type="a{sv}" direction="out"></arg>
            <arg name="invalidates_properties" type="as" direction="out"></arg>
        </signal>
    </interface>
    <interface name="org.freedesktop.DBus.Peer">
        <method name="Ping"></method>
        <method name="GetMachineId">
            <arg name="machine_uuid" type="s" direction="out"></arg>
        </method>
    </interface>
</node>
