<node>
     <interface name="com.deepin.SessionManager">
          <method name="AllowSessionDaemonRun">
               <arg type="b" direction="out"></arg>
          </method>
          <method name="CanHibernate">
               <arg type="b" direction="out"></arg>
          </method>
          <method name="CanLogout">
               <arg type="b" direction="out"></arg>
          </method>
          <method name="CanReboot">
               <arg type="b" direction="out"></arg>
          </method>
          <method name="CanShutdown">
               <arg type="b" direction="out"></arg>
          </method>
          <method name="CanSuspend">
               <arg type="b" direction="out"></arg>
          </method>
          <method name="ForceLogout"></method>
          <method name="ForceReboot"></method>
          <method name="ForceShutdown"></method>
          <method name="Logout"></method>
          <method name="PowerOffChoose"></method>
          <method name="Reboot"></method>
          <method name="Register">
               <arg type="s" direction="in"></arg>
               <arg type="b" direction="out"></arg>
          </method>
          <method name="RequestHibernate"></method>
          <method name="RequestLock"></method>
          <method name="RequestLogout"></method>
          <method name="RequestReboot"></method>
          <method name="RequestShutdown"></method>
          <method name="RequestSuspend"></method>
          <method name="SetLocked">
               <arg type="b" direction="in"></arg>
          </method>
          <method name="Shutdown"></method>
          <method name="ToggleDebug"></method>
          <signal name="Unlock"></signal>
          <property name="Locked" type="b" access="read"></property>
          <property name="CurrentUid" type="s" access="read"></property>
          <property name="Stage" type="i" access="read"></property>
          <property name="CurrentSessionPath" type="o" access="read"></property>
     </interface>
     <interface name="org.freedesktop.DBus.Introspectable">
          <method name="Enable">
               <arg type="s" direction="in"></arg>
          </method>
          <method name="InterfaceName">
               <arg type="s" direction="out"></arg>
          </method>
          <method name="Introspect">
               <arg type="s" direction="out"></arg>
          </method>
     </interface>
     <interface name="org.freedesktop.DBus.Properties">
          <method name="Get">
               <arg type="s" direction="in"></arg>
               <arg type="s" direction="in"></arg>
               <arg type="v" direction="out"></arg>
          </method>
          <method name="GetAll">
               <arg type="s" direction="in"></arg>
               <arg type="a{sv}" direction="out"></arg>
          </method>
          <method name="InterfaceName">
               <arg type="s" direction="out"></arg>
          </method>
          <method name="Set">
               <arg type="s" direction="in"></arg>
               <arg type="s" direction="in"></arg>
               <arg type="v" direction="in"></arg>
          </method>
          <signal name="PropertiesChanged">
               <arg type="s"></arg>
               <arg type="a{sv}"></arg>
               <arg type="as"></arg>
          </signal>
     </interface>
</node>
