<node>
     <interface name="com.deepin.StartManager">
          <method name="AddAutostart">
               <arg type="s" direction="in"></arg>
               <arg type="b" direction="out"></arg>
          </method>
          <method name="AutostartList">
               <arg type="as" direction="out"></arg>
          </method>
          <method name="DumpMemRecord">
               <arg type="s" direction="out"></arg>
          </method>
          <method name="GetApps">
               <arg type="a{us}" direction="out"></arg>
          </method>
          <method name="IsAutostart">
               <arg type="s" direction="in"></arg>
               <arg type="b" direction="out"></arg>
          </method>
          <method name="IsMemSufficient">
               <arg type="b" direction="out"></arg>
          </method>
          <method name="Launch">
               <arg type="s" direction="in"></arg>
               <arg type="b" direction="out"></arg>
          </method>
          <method name="LaunchApp">
               <arg type="s" direction="in"></arg>
               <arg type="u" direction="in"></arg>
               <arg type="as" direction="in"></arg>
          </method>
          <method name="LaunchAppAction">
               <arg type="s" direction="in"></arg>
               <arg type="s" direction="in"></arg>
               <arg type="u" direction="in"></arg>
          </method>
          <method name="LaunchAppWithOptions">
               <arg type="s" direction="in"></arg>
               <arg type="u" direction="in"></arg>
               <arg type="as" direction="in"></arg>
               <arg type="a{sv}" direction="in"></arg>
          </method>
          <method name="LaunchWithTimestamp">
               <arg type="s" direction="in"></arg>
               <arg type="u" direction="in"></arg>
               <arg type="b" direction="out"></arg>
          </method>
          <method name="RemoveAutostart">
               <arg type="s" direction="in"></arg>
               <arg type="b" direction="out"></arg>
          </method>
          <method name="RunCommand">
               <arg type="s" direction="in"></arg>
               <arg type="as" direction="in"></arg>
          </method>
          <method name="TryAgain">
               <arg type="b" direction="in"></arg>
          </method>
          <signal name="AutostartChanged">
               <arg type="s"></arg>
               <arg type="s"></arg>
          </signal>
          <property name="NeededMemory" type="t" access="read"></property>
     </interface>
     <interface name="org.freedesktop.DBus.Introspectable">
          <method name="Enable">
               <arg type="s" direction="in"></arg>
          </method>
          <method name="InterfaceName">
               <arg type="s" direction="out"></arg>
          </method>
          <method name="Introspect">
               <arg type="s" direction="out"></arg>
          </method>
     </interface>
     <interface name="org.freedesktop.DBus.Properties">
          <method name="Get">
               <arg type="s" direction="in"></arg>
               <arg type="s" direction="in"></arg>
               <arg type="v" direction="out"></arg>
          </method>
          <method name="GetAll">
               <arg type="s" direction="in"></arg>
               <arg type="a{sv}" direction="out"></arg>
          </method>
          <method name="InterfaceName">
               <arg type="s" direction="out"></arg>
          </method>
          <method name="Set">
               <arg type="s" direction="in"></arg>
               <arg type="s" direction="in"></arg>
               <arg type="v" direction="in"></arg>
          </method>
          <signal name="PropertiesChanged">
               <arg type="s"></arg>
               <arg type="a{sv}"></arg>
               <arg type="as"></arg>
          </signal>
     </interface>
</node>