<node>
     <interface name="com.deepin.WMSwitcher">
          <method name="CurrentWM">
               <arg type="s" direction="out"></arg>
          </method>
          <method name="RequestSwitchWM"></method>
          <method name="RestartWM"></method>
          <method name="Start2DWM"></method>
          <signal name="WMChanged">
               <arg type="s"></arg>
          </signal>
     </interface>
     <interface name="org.freedesktop.DBus.Introspectable">
          <method name="Enable">
               <arg type="s" direction="in"></arg>
          </method>
          <method name="InterfaceName">
               <arg type="s" direction="out"></arg>
          </method>
          <method name="Introspect">
               <arg type="s" direction="out"></arg>
          </method>
     </interface>
     <interface name="org.freedesktop.DBus.Properties">
          <method name="Get">
               <arg type="s" direction="in"></arg>
               <arg type="s" direction="in"></arg>
               <arg type="v" direction="out"></arg>
          </method>
          <method name="GetAll">
               <arg type="s" direction="in"></arg>
               <arg type="a{sv}" direction="out"></arg>
          </method>
          <method name="InterfaceName">
               <arg type="s" direction="out"></arg>
          </method>
          <method name="Set">
               <arg type="s" direction="in"></arg>
               <arg type="s" direction="in"></arg>
               <arg type="v" direction="in"></arg>
          </method>
          <signal name="PropertiesChanged">
               <arg type="s"></arg>
               <arg type="a{sv}"></arg>
               <arg type="as"></arg>
          </signal>
     </interface>
</node>