<node>
     <interface name="com.deepin.XSettings">
          <method name="GetColor">
               <arg type="s" direction="in"></arg>
               <arg type="an" direction="out"></arg>
          </method>
          <method name="GetInteger">
               <arg type="s" direction="in"></arg>
               <arg type="i" direction="out"></arg>
          </method>
          <method name="GetScaleFactor">
               <arg type="d" direction="out"></arg>
          </method>
          <method name="GetScreenScaleFactors">
               <arg type="a{sd}" direction="out"></arg>
          </method>
          <method name="GetString">
               <arg type="s" direction="in"></arg>
               <arg type="s" direction="out"></arg>
          </method>
          <method name="ListProps">
               <arg type="s" direction="out"></arg>
          </method>
          <method name="SetColor">
               <arg type="s" direction="in"></arg>
               <arg type="an" direction="in"></arg>
          </method>
          <method name="SetInteger">
               <arg type="s" direction="in"></arg>
               <arg type="i" direction="in"></arg>
          </method>
          <method name="SetScaleFactor">
               <arg type="d" direction="in"></arg>
          </method>
          <method name="SetScreenScaleFactors">
               <arg type="a{sd}" direction="in"></arg>
          </method>
          <method name="SetString">
               <arg type="s" direction="in"></arg>
               <arg type="s" direction="in"></arg>
          </method>
          <signal name="SetScaleFactorStarted"></signal>
          <signal name="SetScaleFactorDone"></signal>
     </interface>
     <interface name="org.freedesktop.DBus.Introspectable">
          <method name="Enable">
               <arg type="s" direction="in"></arg>
          </method>
          <method name="InterfaceName">
               <arg type="s" direction="out"></arg>
          </method>
          <method name="Introspect">
               <arg type="s" direction="out"></arg>
          </method>
     </interface>
     <interface name="org.freedesktop.DBus.Properties">
          <method name="Get">
               <arg type="s" direction="in"></arg>
               <arg type="s" direction="in"></arg>
               <arg type="v" direction="out"></arg>
          </method>
          <method name="GetAll">
               <arg type="s" direction="in"></arg>
               <arg type="a{sv}" direction="out"></arg>
          </method>
          <method name="InterfaceName">
               <arg type="s" direction="out"></arg>
          </method>
          <method name="Set">
               <arg type="s" direction="in"></arg>
               <arg type="s" direction="in"></arg>
               <arg type="v" direction="in"></arg>
          </method>
          <signal name="PropertiesChanged">
               <arg type="s"></arg>
               <arg type="a{sv}"></arg>
               <arg type="as"></arg>
          </signal>
     </interface>
</node>
