<!DOCTYPE node PUBLIC "-//freedesktop//DTD D-BUS Object Introspection 1.0//EN"
        "http://www.freedesktop.org/standards/dbus/1.0/introspect.dtd">
<node>
    <interface name="com.deepin.daemon.PowerManager">
        <method name="CanShutdown">
            <arg name="can" type="b" direction="out"></arg>
        </method>
        <method name="CanReboot">
            <arg name="can" type="b" direction="out"></arg>
        </method>
        <method name="CanSuspend">
            <arg name="can" type="b" direction="out"></arg>
        </method>
        <method name="CanHibernate">
            <arg name="can" type="b" direction="out"></arg>
        </method>
    </interface>
</node>