<!DOCTYPE node PUBLIC "-//freedesktop//DTD D-BUS Object Introspection 1.0//EN"
        "http://www.freedesktop.org/standards/dbus/1.0/introspect.dtd">
<node>
    <interface name="com.deepin.daemon.KeyEvent">
        <signal name="KeyEvent">
            <arg name="keycode" type="u" direction="out"></arg>
            <arg name="pressed" type="b" direction="out"></arg>
            <arg name="ctrlPressed" type="b" direction="out"></arg>
            <arg name="shiftPressed" type="b" direction="out"></arg>
            <arg name="altPressed" type="b" direction="out"></arg>
            <arg name="superPressed" type="b" direction="out"></arg>
        </signal>
    </interface>
</node>