<!DOCTYPE node PUBLIC "-//freedesktop//DTD D-BUS Object Introspection 1.0//EN"
        "http://www.freedesktop.org/standards/dbus/1.0/introspect.dtd">
<node>
    <interface name="com.deepin.daemon.Gesture">
        <method name="SetShortPressDuration">
            <arg name="duration" type="u" direction="in"></arg>
        </method>
        <method name="SetEdgeMoveStopDuration">
            <arg name="duration" type="u" direction="in"></arg>
        </method>
        <method name="SetInputIgnore">
            <arg name="node" type="s" direction="in"></arg>
            <arg name="ignore" type="b" direction="in"></arg>
        </method>
        <signal name="Event">
            <arg name="name" type="s"></arg>
            <arg name="direction" type="s"></arg>
            <arg name="fingers" type="i"></arg>
        </signal>
        <signal name="DbclickDown">
            <arg name="fingers" type="i"></arg>
        </signal>
        <signal name="SwipeMoving">
            <arg name="fingers" type="i"></arg>
            <arg name="accelX" type="d"></arg>
            <arg name="accely" type="d"></arg>
        </signal>
        <signal name="SwipeStop">
            <arg name="fingers" type="i"></arg>
        </signal>
        <signal name="TouchEdgeEvent">
            <arg name="direction" type="s"></arg>
            <arg name="scalex" type="d"></arg>
            <arg name="scaley" type="d"></arg>
        </signal>
        <signal name="TouchSinglePressTimeout">
            <arg name="time" type="i"></arg>
            <arg name="scalex" type="d"></arg>
            <arg name="scaley" type="d"></arg>
        </signal>
        <signal name="TouchPressTimeout">
            <arg name="fingers" type="i"></arg>
            <arg name="time" type="i"></arg>
            <arg name="scalex" type="d"></arg>
            <arg name="scaley" type="d"></arg>
        </signal>
        <signal name="TouchUpOrCancel">
            <arg name="scalex" type="d"></arg>
            <arg name="scaley" type="d"></arg>
        </signal>
        <signal name="TouchEdgeMoveStop">
            <arg name="direction" type="s"></arg>
            <arg name="scalex" type="d"></arg>
            <arg name="scaley" type="d"></arg>
            <arg name="duration" type="i"></arg>
        </signal>
        <signal name="TouchEdgeMoveStopLeave">
            <arg name="direction" type="s"></arg>
            <arg name="scalex" type="d"></arg>
            <arg name="scaley" type="d"></arg>
            <arg name="duration" type="i"></arg>
        </signal>
        <signal name="TouchMoving">
            <arg name="scalex" type="d"></arg>
            <arg name="scaley" type="d"></arg>
        </signal>
        <signal name="TouchMovementEvent">
            <arg name="duration" type="s"></arg>
            <arg name="fingers" type="i"></arg>
            <arg name="startScalex" type="d"></arg>
            <arg name="startScaley" type="d"></arg>
            <arg name="endScalex" type="d"></arg>
            <arg name="endScaley" type="d"></arg>
        </signal>
    </interface>
    <interface name="org.freedesktop.DBus.Introspectable">
        <method name="Introspect">
            <arg name="out" type="s" direction="out"></arg>
        </method>
    </interface>
    <interface name="org.freedesktop.DBus.Properties">
        <method name="Get">
            <arg name="interface" type="s" direction="in"></arg>
            <arg name="property" type="s" direction="in"></arg>
            <arg name="value" type="v" direction="out"></arg>
        </method>
        <method name="GetAll">
            <arg name="interface" type="s" direction="in"></arg>
            <arg name="props" type="a{sv}" direction="out"></arg>
        </method>
        <method name="Set">
            <arg name="interface" type="s" direction="in"></arg>
            <arg name="property" type="s" direction="in"></arg>
            <arg name="value" type="v" direction="in"></arg>
        </method>
        <signal name="PropertiesChanged">
            <arg name="interface" type="s" direction="out"></arg>
            <arg name="changed_properties" type="a{sv}" direction="out"></arg>
            <arg name="invalidates_properties" type="as" direction="out"></arg>
        </signal>
    </interface>
    <interface name="org.freedesktop.DBus.Peer">
        <method name="Ping"></method>
        <method name="GetMachineId">
            <arg name="machine_uuid" type="s" direction="out"></arg>
        </method>
    </interface>
</node>
