<!DOCTYPE node PUBLIC "-//freedesktop//DTD D-BUS Object Introspection 1.0//EN"
"http://www.freedesktop.org/standards/dbus/1.0/introspect.dtd">
<node>
    <interface name="org.bluez.obex.AgentManager1">
        <method name="RegisterAgent">
            <arg name="agent" type="o" direction="in"/>
        </method>
        <method name="UnregisterAgent">
            <arg name="agent" type="o" direction="in"/>
        </method>
    </interface>
    <interface name="org.bluez.obex.Client1">
        <method name="CreateSession">
            <arg name="destination" type="s" direction="in"/>
            <arg name="args" type="a{sv}" direction="in"/>
            <arg name="session" type="o" direction="out"/>
        </method>
        <method name="RemoveSession">
            <arg name="session" type="o" direction="in"/>
        </method>
    </interface>
</node>
