<!DOCTYPE node PUBLIC "-//freedesktop//DTD D-BUS Object Introspection 1.0//EN"
"http://www.freedesktop.org/standards/dbus/1.0/introspect.dtd">
<node>
    <interface name="org.bluez.obex.Session1">
        <method name="GetCapabilities">
            <arg name="capabilities" type="s" direction="out"/>
        </method>
        <property name="Source" type="s" access="read"></property>
        <property name="Destination" type="s" access="read"></property>
        <property name="Channel" type="y" access="read"></property>
        <property name="Target" type="s" access="read"></property>
    </interface>
    <interface name="org.bluez.obex.ObjectPush1">
        <method name="SendFile">
            <arg name="sourcefile" type="s" direction="in"/>
            <arg name="transfer" type="o" direction="out"/>
            <arg name="properties" type="a{sv}" direction="out"/>
        </method>
        <method name="PullBusinessCard">
            <arg name="targetfile" type="s" direction="in"/>
            <arg name="transfer" type="o" direction="out"/>
            <arg name="properties" type="a{sv}" direction="out"/>
        </method>
        <method name="ExchangeBusinessCards">
            <arg name="clientfile" type="s" direction="in"/>
            <arg name="targetfile" type="s" direction="in"/>
            <arg name="transfer" type="o" direction="out"/>
            <arg name="properties" type="a{sv}" direction="out"/>
        </method>
    </interface>
</node>
