<!DOCTYPE node PUBLIC "-//freedesktop//DTD D-BUS Object Introspection 1.0//EN"
"http://www.freedesktop.org/standards/dbus/1.0/introspect.dtd">
<node>
    <interface name="org.bluez.obex.Transfer1">
        <method name="Cancel"></method>
        <property name="Status" type="s" access="read"></property>
        <property name="Session" type="o" access="read"></property>
        <property name="Name" type="s" access="read"></property>
        <property name="Type" type="s" access="read"></property>
        <property name="Size" type="t" access="read"></property>
        <property name="Time" type="t" access="read"></property>
        <property name="Filename" type="s" access="read"></property>
        <property name="Transferred" type="t" access="read"></property>
    </interface>
</node>
