<!DOCTYPE node PUBLIC "-//freedesktop//DTD D-BUS Object Introspection 1.0//EN" "http://www.freedesktop.org/standards/dbus/1.0/introspect.dtd">
<node>
	<interface name="com.deepin.api.SoundThemePlayer">
		<method name="EnableSound">
			<arg name="name" type="s" direction="in">
			</arg>
			<arg name="enabled" type="b" direction="in">
			</arg>
		</method>
		<method name="EnableSoundDesktopLogin">
			<arg name="enabled" type="b" direction="in">
			</arg>
		</method>
		<method name="Play">
			<arg name="theme" type="s" direction="in">
			</arg>
			<arg name="event" type="s" direction="in">
			</arg>
			<arg name="device" type="s" direction="in">
			</arg>
		</method>
		<method name="PlaySoundDesktopLogin">
		</method>
		<method name="PrepareShutdownSound">
			<arg name="uid" type="i" direction="in">
			</arg>
		</method>
		<method name="SaveAudioState">
			<arg name="activePlayback" type="a{sv}" direction="in">
			</arg>
		</method>
		<method name="SetSoundTheme">
			<arg name="theme" type="s" direction="in">
			</arg>
		</method>
	</interface>
	<interface name="org.freedesktop.DBus.Introspectable">
		<method name="Introspect">
			<arg name="out" type="s" direction="out">
			</arg>
		</method>
	</interface>
	<interface name="org.freedesktop.DBus.Properties">
		<method name="Get">
			<arg name="interface" type="s" direction="in">
			</arg>
			<arg name="property" type="s" direction="in">
			</arg>
			<arg name="value" type="v" direction="out">
			</arg>
		</method>
		<method name="GetAll">
			<arg name="interface" type="s" direction="in">
			</arg>
			<arg name="props" type="a{sv}" direction="out">
			</arg>
		</method>
		<method name="Set">
			<arg name="interface" type="s" direction="in">
			</arg>
			<arg name="property" type="s" direction="in">
			</arg>
			<arg name="value" type="v" direction="in">
			</arg>
		</method>
		<signal name="PropertiesChanged">
			<arg name="interface" type="s" direction="out">
			</arg>
			<arg name="changed_properties" type="a{sv}" direction="out">
			</arg>
			<arg name="invalidates_properties" type="as" direction="out">
			</arg>
		</signal>
	</interface>
	<interface name="org.freedesktop.DBus.Peer">
		<method name="Ping">
		</method>
		<method name="GetMachineId">
			<arg name="machine_uuid" type="s" direction="out">
			</arg>
		</method>
	</interface>
</node>
