<!DOCTYPE node PUBLIC "-//freedesktop//DTD D-BUS Object Introspection 1.0//EN"
        "http://www.freedesktop.org/standards/dbus/1.0/introspect.dtd">
<node>
    <interface name="com.deepin.daemon.Audio">
        <method name="SetDefaultSink">
            <arg name="name" type="s" direction="in"></arg>
        </method>
        <method name="SetDefaultSource">
            <arg name="name" type="s" direction="in"></arg>
        </method>
        <method name="SetPort">
            <arg name="cardId" type="u" direction="in"></arg>
            <arg name="portName" type="s" direction="in"></arg>
            <arg name="direction" type="i" direction="in"></arg>
        </method>
        <method name="SetPortEnabled">
            <arg name="cardId" type="u" direction="in"></arg>
            <arg name="portName" type="s" direction="in"></arg>
            <arg name="enabled" type="b" direction="in"></arg>
        </method>
        <method name="IsPortEnabled">
            <arg name="cardId" type="u" direction="in"></arg>
            <arg name="portName" type="s" direction="in"></arg>
            <arg name="enabled" type="b" direction="out"></arg>
        </method>
        <property name="MaxUIVolume" type="d" access="read"></property>
        <property name="SinkInputs" type="ao" access="read"></property>
        <property name="DefaultSink" type="o" access="read"></property>
        <property name="DefaultSource" type="o" access="read"></property>
        <property name="Cards" type="s" access="read"></property>
        <property name="CardsWithoutUnavailable" type="s" access="read"></property>
    </interface>
    <interface name="org.freedesktop.DBus.Introspectable">
        <method name="Introspect">
            <arg name="out" type="s" direction="out"></arg>
        </method>
    </interface>
    <interface name="org.freedesktop.DBus.Properties">
        <method name="Get">
            <arg name="interface" type="s" direction="in"></arg>
            <arg name="property" type="s" direction="in"></arg>
            <arg name="value" type="v" direction="out"></arg>
        </method>
        <method name="GetAll">
            <arg name="interface" type="s" direction="in"></arg>
            <arg name="props" type="a{sv}" direction="out"></arg>
        </method>
        <method name="Set">
            <arg name="interface" type="s" direction="in"></arg>
            <arg name="property" type="s" direction="in"></arg>
            <arg name="value" type="v" direction="in"></arg>
        </method>
        <signal name="PropertiesChanged">
            <arg name="interface" type="s" direction="out"></arg>
            <arg name="changed_properties" type="a{sv}" direction="out"></arg>
            <arg name="invalidates_properties" type="as" direction="out"></arg>
        </signal>
    </interface>
    <interface name="org.freedesktop.DBus.Peer">
        <method name="Ping"></method>
        <method name="GetMachineId">
            <arg name="machine_uuid" type="s" direction="out"></arg>
        </method>
    </interface>
    <node name="Source2"></node>
    <node name="Sink1"></node>
</node>
