<!DOCTYPE node PUBLIC "-//freedesktop//DTD D-BUS Object Introspection 1.0//EN"
        "http://www.freedesktop.org/standards/dbus/1.0/introspect.dtd">
<node>
    <interface name="com.deepin.daemon.Audio.Source">
        <method name="GetMeter">
            <arg name="meter" type="o" direction="out"></arg>
        </method>
        <method name="SetBalance">
            <arg name="value" type="d" direction="in"></arg>
            <arg name="isPlay" type="b" direction="in"></arg>
        </method>
        <method name="SetFade">
            <arg name="value" type="d" direction="in"></arg>
        </method>
        <method name="SetMute">
            <arg name="value" type="b" direction="in"></arg>
        </method>
        <method name="SetPort">
            <arg name="name" type="s" direction="in"></arg>
        </method>
        <method name="SetVolume">
            <arg name="value" type="d" direction="in"></arg>
            <arg name="isPlay" type="b" direction="in"></arg>
        </method>
        <property name="Mute" type="b" access="read"></property>
        <property name="Balance" type="d" access="read"></property>
        <property name="SupportBalance" type="b" access="read"></property>
        <property name="Fade" type="d" access="read"></property>
        <property name="Ports" type="a(ssy)" access="read"></property>
        <property name="Card" type="u" access="read"></property>
        <property name="BaseVolume" type="d" access="read"></property>
        <property name="Description" type="s" access="read"></property>
        <property name="Volume" type="d" access="read"></property>
        <property name="SupportFade" type="b" access="read"></property>
        <property name="ActivePort" type="(ssy)" access="read"></property>
        <property name="Name" type="s" access="read"></property>
    </interface>
    <interface name="org.freedesktop.DBus.Introspectable">
        <method name="Introspect">
            <arg name="out" type="s" direction="out"></arg>
        </method>
    </interface>
    <interface name="org.freedesktop.DBus.Properties">
        <method name="Get">
            <arg name="interface" type="s" direction="in"></arg>
            <arg name="property" type="s" direction="in"></arg>
            <arg name="value" type="v" direction="out"></arg>
        </method>
        <method name="GetAll">
            <arg name="interface" type="s" direction="in"></arg>
            <arg name="props" type="a{sv}" direction="out"></arg>
        </method>
        <method name="Set">
            <arg name="interface" type="s" direction="in"></arg>
            <arg name="property" type="s" direction="in"></arg>
            <arg name="value" type="v" direction="in"></arg>
        </method>
        <signal name="PropertiesChanged">
            <arg name="interface" type="s" direction="out"></arg>
            <arg name="changed_properties" type="a{sv}" direction="out"></arg>
            <arg name="invalidates_properties" type="as" direction="out"></arg>
        </signal>
    </interface>
    <interface name="org.freedesktop.DBus.Peer">
        <method name="Ping"></method>
        <method name="GetMachineId">
            <arg name="machine_uuid" type="s" direction="out"></arg>
        </method>
    </interface>
</node>
