<!DOCTYPE node PUBLIC "-//freedesktop//DTD D-BUS Object Introspection 1.0//EN"
"http://www.freedesktop.org/standards/dbus/1.0/introspect.dtd">
<node>
	<interface name="com.deepin.daemon.KWayland.WindowManager">
		<method name="ActiveWindow">
			<arg name="argout0" type="u" direction="out"></arg>
		</method>
		<method name="IsShowingDesktop">
			<arg name="argout0" type="b" direction="out"></arg>
		</method>
		<method name="Windows">
			<arg name="argout0" type="av" direction="out"></arg>
		</method>
		<signal name="WindowCreated">
			<arg name="ObjPath" type="s"></arg>
		</signal>
		<signal name="WindowRemove">
			<arg name="ObjPath" type="s"></arg>
		</signal>
		<signal name="ActiveWindowChanged"></signal>
	</interface>
	<interface name="org.freedesktop.DBus.Introspectable">
		<method name="Introspect">
			<arg name="out" type="s" direction="out"></arg>
		</method>
	</interface>
	<interface name="org.freedesktop.DBus.Properties">
		<method name="Get">
			<arg name="interface" type="s" direction="in"></arg>
			<arg name="property" type="s" direction="in"></arg>
			<arg name="value" type="v" direction="out"></arg>
		</method>
		<method name="GetAll">
			<arg name="interface" type="s" direction="in"></arg>
			<arg name="props" type="a{sv}" direction="out"></arg>
		</method>
		<method name="Set">
			<arg name="interface" type="s" direction="in"></arg>
			<arg name="property" type="s" direction="in"></arg>
			<arg name="value" type="v" direction="in"></arg>
		</method>
		<signal name="PropertiesChanged">
			<arg name="interface" type="s" direction="out"></arg>
			<arg name="changed_properties" type="a{sv}" direction="out"></arg>
			<arg name="invalidates_properties" type="as" direction="out"></arg>
		</signal>
	</interface>
	<interface name="org.freedesktop.DBus.Peer">
		<method name="Ping"></method>
		<method name="GetMachineId">
			<arg name="machine_uuid" type="s" direction="out"></arg>
		</method>
	</interface>
</node>