<!DOCTYPE node PUBLIC "-//freedesktop//DTD D-BUS Object Introspection 1.0//EN"
        "http://www.freedesktop.org/standards/dbus/1.0/introspect.dtd">
<node>
    <interface name="com.deepin.system.Network">
        <method name="EnableDevice">
            <arg name="pathOrIface" type="s" direction="in"></arg>
            <arg name="enabled" type="b" direction="in"></arg>
            <arg name="cpath" type="o" direction="out"></arg>
        </method>
        <method name="IsDeviceEnabled">
            <arg name="pathOrIface" type="s" direction="in"></arg>
            <arg name="enabled" type="b" direction="out"></arg>
        </method>
        <method name="Ping">
            <arg name="host" type="s" direction="in"></arg>
        </method>
        <method name="ToggleWirelessEnabled">
            <arg name="enabled" type="b" direction="out"></arg>
        </method>
        <signal name="DeviceEnabled">
            <arg name="devPath" type="o"></arg>
            <arg name="enabled" type="b"></arg>
        </signal>
        <property name="VpnEnabled" type="b" access="readwrite"></property>
    </interface>
    <interface name="org.freedesktop.DBus.Introspectable">
        <method name="Introspect">
            <arg name="out" type="s" direction="out"></arg>
        </method>
    </interface>
    <interface name="org.freedesktop.DBus.Properties">
        <method name="Get">
            <arg name="interface" type="s" direction="in"></arg>
            <arg name="property" type="s" direction="in"></arg>
            <arg name="value" type="v" direction="out"></arg>
        </method>
        <method name="GetAll">
            <arg name="interface" type="s" direction="in"></arg>
            <arg name="props" type="a{sv}" direction="out"></arg>
        </method>
        <method name="Set">
            <arg name="interface" type="s" direction="in"></arg>
            <arg name="property" type="s" direction="in"></arg>
            <arg name="value" type="v" direction="in"></arg>
        </method>
        <signal name="PropertiesChanged">
            <arg name="interface" type="s" direction="out"></arg>
            <arg name="changed_properties" type="a{sv}" direction="out"></arg>
            <arg name="invalidates_properties" type="as" direction="out"></arg>
        </signal>
    </interface>
    <interface name="org.freedesktop.DBus.Peer">
        <method name="Ping"></method>
        <method name="GetMachineId">
            <arg name="machine_uuid" type="s" direction="out"></arg>
        </method>
    </interface>
</node>