<!DOCTYPE node PUBLIC "-//freedesktop//DTD D-BUS Object Introspection 1.0//EN" \n\t "http://www.freedesktop.org/standards/dbus/1.0/introspect.dtd">
<node>
    <interface name="com.deepin.daemon.Authenticate">
        <method name="Authenticate">
            <arg name="username" type="s" direction="in"></arg>
            <arg name="authFlags" type="i" direction="in"></arg>
            <arg name="appType" type="i" direction="in"></arg>
            <arg name="path" type="s" direction="out"></arg>
        </method>
        <method name="GetLimits">
            <arg name="username" type="s" direction="in"></arg>
            <arg name="limits" type="s" direction="out"></arg>
        </method>
        <method name="PreOneKeyLogin">
            <arg name="flag" type="i" direction="in"></arg>
            <arg name="result" type="s" direction="out"></arg>
        </method>
        <method name="ResetLimits">
            <arg name="username" type="s" direction="in"></arg>
        </method>
        <signal name="LimitUpdated">
            <arg name="username" type="s"></arg>
        </signal>
        
        <property name="SupportEncrypts" type="s" access="read"></property>
        <property name="FrameworkState" type="i" access="read"></property>
        <property name="SupportedFlags" type="i" access="read"></property>
    </interface>
    <interface name="org.freedesktop.DBus.Introspectable">
        <method name="Introspect">
            <arg name="out" type="s" direction="out"></arg>
        </method>
    </interface>
    <interface name="org.freedesktop.DBus.Properties">
        <method name="Get">
            <arg name="interface" type="s" direction="in"></arg>
            <arg name="property" type="s" direction="in"></arg>
            <arg name="value" type="v" direction="out"></arg>
        </method>
        <method name="GetAll">
            <arg name="interface" type="s" direction="in"></arg>
            <arg name="props" type="a{sv}" direction="out"></arg>
        </method>
        <method name="Set">
            <arg name="interface" type="s" direction="in"></arg>
            <arg name="property" type="s" direction="in"></arg>
            <arg name="value" type="v" direction="in"></arg>
        </method>
        <signal name="PropertiesChanged">
            <arg name="interface" type="s" direction="out"></arg>
            <arg name="changed_properties" type="a{sv}" direction="out"></arg>
            <arg name="invalidates_properties" type="as" direction="out"></arg>
        </signal>
    </interface>
    <interface name="org.freedesktop.DBus.Peer">
        <method name="Ping"></method>
        <method name="GetMachineId">
            <arg name="machine_uuid" type="s" direction="out"></arg>
        </method>
    </interface>
    <node name="Fingerprint"></node>
    <node name="UKey"></node>
    <node name="Face"></node>
    <node name="CharaManger"></node>
</node>