<!DOCTYPE node PUBLIC "-//freedesktop//DTD D-BUS Object Introspection 1.0//EN" \n\t "http://www.freedesktop.org/standards/dbus/1.0/introspect.dtd">
<node>
    <interface name="com.deepin.daemon.Authenticate.CharaManger">
        <method name="Delete">
            <arg name="charaType" type="i" direction="in"></arg>
            <arg name="charaName" type="s" direction="in"></arg>
        </method>
        <method name="EnrollStart">
            <arg name="driverName" type="s" direction="in"></arg>
            <arg name="charaType" type="i" direction="in"></arg>
            <arg name="charaName" type="s" direction="in"></arg>
            <arg name="outArg0" type="h" direction="out"></arg>
        </method>
        <method name="EnrollStop"></method>
        <method name="List">
            <arg name="driverName" type="s" direction="in"></arg>
            <arg name="charaType" type="i" direction="in"></arg>
            <arg name="outArg0" type="s" direction="out"></arg>
        </method>
        <method name="Rename">
            <arg name="charaType" type="i" direction="in"></arg>
            <arg name="oldName" type="s" direction="in"></arg>
            <arg name="newName" type="s" direction="in"></arg>
        </method>
        <signal name="EnrollStatus">
            <arg name="Sender" type="s"></arg>
            <arg name="Code" type="i"></arg>
            <arg name="Msg" type="s"></arg>
        </signal>
        <signal name="CharaUpdated">
            <arg name="DriverName" type="s"></arg>
            <arg name="CharaType" type="i"></arg>
        </signal>
        <signal name="DriverChanged"></signal>
        <property name="DriverInfo" type="s" access="read"></property>
    </interface>
    <interface name="org.freedesktop.DBus.Introspectable">
        <method name="Introspect">
            <arg name="out" type="s" direction="out"></arg>
        </method>
    </interface>
    <interface name="org.freedesktop.DBus.Properties">
        <method name="Get">
            <arg name="interface" type="s" direction="in"></arg>
            <arg name="property" type="s" direction="in"></arg>
            <arg name="value" type="v" direction="out"></arg>
        </method>
        <method name="GetAll">
            <arg name="interface" type="s" direction="in"></arg>
            <arg name="props" type="a{sv}" direction="out"></arg>
        </method>
        <method name="Set">
            <arg name="interface" type="s" direction="in"></arg>
            <arg name="property" type="s" direction="in"></arg>
            <arg name="value" type="v" direction="in"></arg>
        </method>
        <signal name="PropertiesChanged">
            <arg name="interface" type="s" direction="out"></arg>
            <arg name="changed_properties" type="a{sv}" direction="out"></arg>
            <arg name="invalidates_properties" type="as" direction="out"></arg>
        </signal>
    </interface>
    <interface name="org.freedesktop.DBus.Peer">
        <method name="Ping"></method>
        <method name="GetMachineId">
            <arg name="machine_uuid" type="s" direction="out"></arg>
        </method>
    </interface>
</node>