<!DOCTYPE node PUBLIC "-//freedesktop//DTD D-BUS Object Introspection 1.0//EN"\n\t "http://www.freedesktop.org/standards/dbus/1.0/introspect.dtd">
<node>
    <interface name="com.deepin.daemon.Authenticate.Face">
        <method name="DeleteFace">
            <arg name="serviceName" type="s" direction="in"></arg>
            <arg name="username" type="s" direction="in"></arg>
            <arg name="faceName" type="s" direction="in"></arg>
        </method>
        <method name="DeleteFaces">
            <arg name="serviceName" type="s" direction="in"></arg>
            <arg name="username" type="s" direction="in"></arg>
        </method>
        <method name="GetShareMemInfo">
            <arg name="id" type="s" direction="in"></arg>
            <arg name="sockPath" type="s" direction="out"></arg>
            <arg name="key" type="s" direction="out"></arg>
            <arg name="size" type="i" direction="out"></arg>
        </method>
        <method name="ListFaces">
            <arg name="serviceName" type="s" direction="in"></arg>
            <arg name="username" type="s" direction="in"></arg>
            <arg name="faces" type="as" direction="out"></arg>
        </method>
        <method name="RenameFace">
            <arg name="serviceName" type="s" direction="in"></arg>
            <arg name="username" type="s" direction="in"></arg>
            <arg name="oldFace" type="s" direction="in"></arg>
            <arg name="newFace" type="s" direction="in"></arg>
        </method>
        <method name="SetDefaultDevice">
            <arg name="serviceName" type="s" direction="in"></arg>
            <arg name="device" type="s" direction="in"></arg>
        </method>
        <method name="SetDefaultService">
            <arg name="serviceName" type="s" direction="in"></arg>
        </method>
        <method name="StartEnroll">
            <arg name="username" type="s" direction="in"></arg>
            <arg name="serviceName" type="s" direction="in"></arg>
            <arg name="faceName" type="s" direction="in"></arg>
            <arg name="id" type="s" direction="out"></arg>
        </method>
        <method name="StartVerify">
            <arg name="username" type="s" direction="in"></arg>
            <arg name="serviceName" type="s" direction="in"></arg>
            <arg name="timeout" type="i" direction="in"></arg>
            <arg name="id" type="s" direction="out"></arg>
        </method>
        <method name="StopEnroll">
            <arg name="id" type="s" direction="in"></arg>
        </method>
        <method name="StopVerify">
            <arg name="id" type="s" direction="in"></arg>
        </method>
        <signal name="EnrollStatus">
            <arg name="id" type="s"></arg>
            <arg name="user" type="s"></arg>
            <arg name="code" type="i"></arg>
            <arg name="msg" type="s"></arg>
        </signal>
        <signal name="VerifyStatus">
            <arg name="id" type="s"></arg>
            <arg name="user" type="s"></arg>
            <arg name="code" type="i"></arg>
            <arg name="msg" type="s"></arg>
        </signal>
        <signal name="DeviceStatus">
            <arg name="serviceName" type="s"></arg>
            <arg name="code" type="i"></arg>
        </signal>
        <property name="DefaultDevice" type="s" access="read"></property>
        <property name="DefaultService" type="s" access="read"></property>
        <property name="ServiceList" type="s" access="read"></property>
    </interface>
    <interface name="org.freedesktop.DBus.Introspectable">
        <method name="Introspect">
            <arg name="out" type="s" direction="out"></arg>
        </method>
    </interface>
    <interface name="org.freedesktop.DBus.Properties">
        <method name="Get">
            <arg name="interface" type="s" direction="in"></arg>
            <arg name="property" type="s" direction="in"></arg>
            <arg name="value" type="v" direction="out"></arg>
        </method>
        <method name="GetAll">
            <arg name="interface" type="s" direction="in"></arg>
            <arg name="props" type="a{sv}" direction="out"></arg>
        </method>
        <method name="Set">
            <arg name="interface" type="s" direction="in"></arg>
            <arg name="property" type="s" direction="in"></arg>
            <arg name="value" type="v" direction="in"></arg>
        </method>
        <signal name="PropertiesChanged">
            <arg name="interface" type="s" direction="out"></arg>
            <arg name="changed_properties" type="a{sv}" direction="out"></arg>
            <arg name="invalidates_properties" type="as" direction="out"></arg>
        </signal>
    </interface>
    <interface name="org.freedesktop.DBus.Peer">
        <method name="Ping"></method>
        <method name="GetMachineId">
            <arg name="machine_uuid" type="s" direction="out"></arg>
        </method>
    </interface>
</node>
