<!DOCTYPE node PUBLIC "-//freedesktop//DTD D-BUS Object Introspection 1.0//EN"
        "http://www.freedesktop.org/standards/dbus/1.0/introspect.dtd">
<node>
    <interface name="com.deepin.daemon.Authenticate.Fingerprint">
        <method name="Claim">
            <arg name="username" type="s" direction="in"></arg>
            <arg name="claimed" type="b" direction="in"></arg>
        </method>
        <method name="DeleteAllFingers">
            <arg name="username" type="s" direction="in"></arg>
        </method>
        <method name="DeleteFinger">
            <arg name="username" type="s" direction="in"></arg>
            <arg name="finger" type="s" direction="in"></arg>
        </method>
        <method name="Enroll">
            <arg name="finger" type="s" direction="in"></arg>
        </method>
        <method name="ListFingers">
            <arg name="username" type="s" direction="in"></arg>
            <arg name="fingers" type="as" direction="out"></arg>
        </method>
        <method name="SetDefaultDevice">
            <arg name="device" type="s" direction="in"></arg>
        </method>
        <method name="StopEnroll"></method>
        <method name="StopVerify"></method>
        <method name="Verify">
            <arg name="finger" type="s" direction="in"></arg>
        </method>
        <signal name="EnrollStatus">
            <arg name="id" type="s"></arg>
            <arg name="code" type="i"></arg>
            <arg name="msg" type="s"></arg>
        </signal>
        <signal name="VerifyStatus">
            <arg name="id" type="s"></arg>
            <arg name="code" type="i"></arg>
            <arg name="msg" type="s"></arg>
        </signal>
        <signal name="Touch">
            <arg name="id" type="s"></arg>
            <arg name="pressed" type="b"></arg>
        </signal>
        <property name="DefaultDevice" type="s" access="read"></property>
        <property name="Devices" type="s" access="read"></property>
    </interface>
    <interface name="org.freedesktop.DBus.Introspectable">
        <method name="Introspect">
            <arg name="out" type="s" direction="out"></arg>
        </method>
    </interface>
    <interface name="org.freedesktop.DBus.Properties">
        <method name="Get">
            <arg name="interface" type="s" direction="in"></arg>
            <arg name="property" type="s" direction="in"></arg>
            <arg name="value" type="v" direction="out"></arg>
        </method>
        <method name="GetAll">
            <arg name="interface" type="s" direction="in"></arg>
            <arg name="props" type="a{sv}" direction="out"></arg>
        </method>
        <method name="Set">
            <arg name="interface" type="s" direction="in"></arg>
            <arg name="property" type="s" direction="in"></arg>
            <arg name="value" type="v" direction="in"></arg>
        </method>
        <signal name="PropertiesChanged">
            <arg name="interface" type="s" direction="out"></arg>
            <arg name="changed_properties" type="a{sv}" direction="out"></arg>
            <arg name="invalidates_properties" type="as" direction="out"></arg>
        </signal>
    </interface>
    <interface name="org.freedesktop.DBus.Peer">
        <method name="Ping"></method>
        <method name="GetMachineId">
            <arg name="machine_uuid" type="s" direction="out"></arg>
        </method>
    </interface>
</node>