<!DOCTYPE node PUBLIC "-//freedesktop//DTD D-BUS Object Introspection 1.0//EN"
        "http://www.freedesktop.org/standards/dbus/1.0/introspect.dtd">
<node>
    <interface name="com.deepin.daemon.Timedated">
        <method name="SetLocalRTC">
            <arg name="enabled" type="b" direction="in"></arg>
            <arg name="fixSystem" type="b" direction="in"></arg>
            <arg name="message" type="s" direction="in"></arg>
        </method>
        <method name="SetNTP">
            <arg name="enabled" type="b" direction="in"></arg>
            <arg name="message" type="s" direction="in"></arg>
        </method>
        <method name="SetNTPServer">
            <arg name="server" type="s" direction="in"></arg>
            <arg name="message" type="s" direction="in"></arg>
        </method>
        <method name="SetTime">
            <arg name="usec" type="x" direction="in"></arg>
            <arg name="relative" type="b" direction="in"></arg>
            <arg name="message" type="s" direction="in"></arg>
        </method>
        <method name="SetTimezone">
            <arg name="timezone" type="s" direction="in"></arg>
            <arg name="message" type="s" direction="in"></arg>
        </method>
        <property name="NTPServer" type="s" access="read"></property>
        <property name="Timezone" type="s" access="read"></property>
    </interface>
    <interface name="org.freedesktop.DBus.Introspectable">
        <method name="Introspect">
            <arg name="out" type="s" direction="out"></arg>
        </method>
    </interface>
    <interface name="org.freedesktop.DBus.Properties">
        <method name="Get">
            <arg name="interface" type="s" direction="in"></arg>
            <arg name="property" type="s" direction="in"></arg>
            <arg name="value" type="v" direction="out"></arg>
        </method>
        <method name="GetAll">
            <arg name="interface" type="s" direction="in"></arg>
            <arg name="props" type="a{sv}" direction="out"></arg>
        </method>
        <method name="Set">
            <arg name="interface" type="s" direction="in"></arg>
            <arg name="property" type="s" direction="in"></arg>
            <arg name="value" type="v" direction="in"></arg>
        </method>
        <signal name="PropertiesChanged">
            <arg name="interface" type="s" direction="out"></arg>
            <arg name="changed_properties" type="a{sv}" direction="out"></arg>
            <arg name="invalidates_properties" type="as" direction="out"></arg>
        </signal>
    </interface>
    <interface name="org.freedesktop.DBus.Peer">
        <method name="Ping"></method>
        <method name="GetMachineId">
            <arg name="machine_uuid" type="s" direction="out"></arg>
        </method>
    </interface>
</node>
