<!DOCTYPE node PUBLIC "-//freedesktop//DTD D-BUS Object Introspection 1.0//EN"
        "http://www.freedesktop.org/standards/dbus/1.0/introspect.dtd">
<node>
    <interface name="com.deepin.dde.daemon.Dock.Entry">
        <method name="Activate">
            <arg name="timestamp" type="u" direction="in"></arg>
        </method>
        <method name="Check"></method>
        <method name="ForceQuit"></method>
        <method name="HandleDragDrop">
            <arg name="timestamp" type="u" direction="in"></arg>
            <arg name="files" type="as" direction="in"></arg>
        </method>
        <method name="HandleMenuItem">
            <arg name="timestamp" type="u" direction="in"></arg>
            <arg name="id" type="s" direction="in"></arg>
        </method>
        <method name="NewInstance">
            <arg name="timestamp" type="u" direction="in"></arg>
        </method>
        <method name="PresentWindows"></method>
        <method name="RequestDock"></method>
        <method name="RequestUndock"></method>
        <property name="Name" type="s" access="read"></property>
        <property name="Icon" type="s" access="read"></property>
        <property name="Id" type="s" access="read"></property>
        <property name="IsActive" type="b" access="read"></property>
        <property name="CurrentWindow" type="u" access="read"></property>
        <property name="IsDocked" type="b" access="read"></property>
        <property name="WindowInfos" type="a{u(sb)}" access="read"></property>
        <property name="Menu" type="s" access="read"></property>
        <property name="DesktopFile" type="s" access="read"></property>
    </interface>
    <interface name="org.freedesktop.DBus.Introspectable">
        <method name="Introspect">
            <arg name="out" type="s" direction="out"></arg>
        </method>
    </interface>
    <interface name="org.freedesktop.DBus.Properties">
        <method name="Get">
            <arg name="interface" type="s" direction="in"></arg>
            <arg name="property" type="s" direction="in"></arg>
            <arg name="value" type="v" direction="out"></arg>
        </method>
        <method name="GetAll">
            <arg name="interface" type="s" direction="in"></arg>
            <arg name="props" type="a{sv}" direction="out"></arg>
        </method>
        <method name="Set">
            <arg name="interface" type="s" direction="in"></arg>
            <arg name="property" type="s" direction="in"></arg>
            <arg name="value" type="v" direction="in"></arg>
        </method>
        <signal name="PropertiesChanged">
            <arg name="interface" type="s" direction="out"></arg>
            <arg name="changed_properties" type="a{sv}" direction="out"></arg>
            <arg name="invalidates_properties" type="as" direction="out"></arg>
        </signal>
    </interface>
    <interface name="org.freedesktop.DBus.Peer">
        <method name="Ping"></method>
        <method name="GetMachineId">
            <arg name="machine_uuid" type="s" direction="out"></arg>
        </method>
    </interface>
</node>
