<!DOCTYPE node PUBLIC "-//freedesktop//DTD D-BUS Object Introspection 1.0//EN" \n\t "http://www.freedesktop.org/standards/dbus/1.0/introspect.dtd">
<node name="/">
    <interface name="org.freedesktop.DBus.Introspectable">
        <method name="Introspect">
            <arg name="out" type="s" direction="out"></arg>
        </method>
    </interface>
    <interface name="org.freedesktop.DBus.Properties">
        <method name="Get">
            <arg name="interface" type="s" direction="in"></arg>
            <arg name="property" type="s" direction="in"></arg>
            <arg name="value" type="v" direction="out"></arg>
        </method>
        <method name="GetAll">
            <arg name="interface" type="s" direction="in"></arg>
            <arg name="props" type="a{sv}" direction="out"></arg>
        </method>
        <method name="Set">
            <arg name="interface" type="s" direction="in"></arg>
            <arg name="property" type="s" direction="in"></arg>
            <arg name="value" type="v" direction="in"></arg>
        </method>
        <signal name="PropertiesChanged">
            <arg name="interface" type="s" direction="out"></arg>
            <arg name="changed_properties" type="a{sv}" direction="out"></arg>
            <arg name="invalidates_properties" type="as" direction="out"></arg>
        </signal>
    </interface>
    <interface name="com.deepin.daemon.authenticate.BiometricsDriver">
        <method name="Delete">
            <arg name="chara" type="s" direction="in"></arg>
        </method>
        <method name="EnrollStart">
            <arg name="chara" type="s" direction="in"></arg>
            <arg name="type" type="i" direction="in"></arg>
            <arg name="action" type="s" direction="in"></arg>
            <arg name="fd" type="h" direction="out"></arg>
        </method>
        <method name="EnrollStop">
            <arg name="action" type="s" direction="in"></arg>
        </method>
        <method name="VerifyStart">
            <arg name="charas" type="as" direction="in"></arg>
            <arg name="action" type="s" direction="in"></arg>
            <arg name="fd" type="h" direction="out"></arg>
        </method>
        <method name="VerifyStop">
            <arg name="action" type="s" direction="in"></arg>
        </method>
        <signal name="VerifyStatus">
            <arg name="action" type="s" direction="out"></arg>
            <arg name="verifyStatusCode" type="i" direction="out"></arg>
            <arg name="message" type="s" direction="out"></arg>
        </signal>
        <signal name="EnrollStatus">
            <arg name="action" type="s" direction="out"></arg>
            <arg name="enrollStatusCode" type="i" direction="out"></arg>
            <arg name="message" type="s" direction="out"></arg>
        </signal>
        <property name="List" type="as" access="read">
            <annotation name="org.freedesktop.DBus.Property.EmitsChangedSignal" value="true"></annotation>
        </property>
        <property name="CharaType" type="i" access="read">
            <annotation name="org.freedesktop.DBus.Property.EmitsChangedSignal" value="true"></annotation>
        </property>
        <property name="Claim" type="b" access="read">
            <annotation name="org.freedesktop.DBus.Property.EmitsChangedSignal" value="true"></annotation>
        </property>
    </interface>
</node>