<!DOCTYPE node PUBLIC "-//freedesktop//DTD D-BUS Object Introspection 1.0//EN"
        "http://www.freedesktop.org/standards/dbus/1.0/introspect.dtd">
<node>
    <interface name="com.deepin.daemon.Apps.LaunchedRecorder">
        <method name="GetNew">
            <arg name="newApps" type="a{sas}" direction="out"></arg>
        </method>
        <method name="MarkLaunched">
            <arg name="desktopFile" type="s" direction="in"></arg>
        </method>
        <method name="UninstallHints">
            <arg name="desktopFiles" type="as" direction="in"></arg>
        </method>
        <method name="WatchDirs">
            <arg name="dirs" type="as" direction="in"></arg>
        </method>
        <signal name="Launched">
            <arg name="file" type="s"></arg>
        </signal>
        <signal name="StatusSaved">
            <arg name="root" type="s"></arg>
            <arg name="file" type="s"></arg>
            <arg name="ok" type="b"></arg>
        </signal>
        <signal name="ServiceRestarted"></signal>
    </interface>
    <interface name="com.deepin.daemon.Apps.DesktopFileWatcher">
        <signal name="Event">
            <arg name="name" type="s"></arg>
            <arg name="op" type="u"></arg>
        </signal>
    </interface>
    <interface name="org.freedesktop.DBus.Introspectable">
        <method name="Introspect">
            <arg name="out" type="s" direction="out"></arg>
        </method>
    </interface>
    <interface name="org.freedesktop.DBus.Properties">
        <method name="Get">
            <arg name="interface" type="s" direction="in"></arg>
            <arg name="property" type="s" direction="in"></arg>
            <arg name="value" type="v" direction="out"></arg>
        </method>
        <method name="GetAll">
            <arg name="interface" type="s" direction="in"></arg>
            <arg name="props" type="a{sv}" direction="out"></arg>
        </method>
        <method name="Set">
            <arg name="interface" type="s" direction="in"></arg>
            <arg name="property" type="s" direction="in"></arg>
            <arg name="value" type="v" direction="in"></arg>
        </method>
        <signal name="PropertiesChanged">
            <arg name="interface" type="s" direction="out"></arg>
            <arg name="changed_properties" type="a{sv}" direction="out"></arg>
            <arg name="invalidates_properties" type="as" direction="out"></arg>
        </signal>
    </interface>
    <interface name="org.freedesktop.DBus.Peer">
        <method name="Ping"></method>
        <method name="GetMachineId">
            <arg name="machine_uuid" type="s" direction="out"></arg>
        </method>
    </interface>
</node>
