<!DOCTYPE node PUBLIC "-//freedesktop//DTD D-BUS Object Introspection 1.0//EN"
"http://www.freedesktop.org/standards/dbus/1.0/introspect.dtd">
<node>
  <interface name="org.freedesktop.DBus.Introspectable">
    <method name="Introspect">
      <arg name="data" direction="out" type="s"/>
    </method>
  </interface>
  <interface name="org.freedesktop.DBus.Properties">
    <method name="Get">
      <arg name="interface" direction="in" type="s"/>
      <arg name="propname" direction="in" type="s"/>
      <arg name="value" direction="out" type="v"/>
    </method>
    <method name="Set">
      <arg name="interface" direction="in" type="s"/>
      <arg name="propname" direction="in" type="s"/>
      <arg name="value" direction="in" type="v"/>
    </method>
    <method name="GetAll">
      <arg name="interface" direction="in" type="s"/>
      <arg name="props" direction="out" type="a{sv}"/>
    </method>
  </interface>
  <interface name="net.reactivated.Fprint.Device">
    <method name="EnrollStop">
    </method>
    <method name="EnrollStart">
      <arg name="finger_name" type="s" direction="in"/>
    </method>
    <method name="VerifyStop">
    </method>
    <method name="VerifyStart">
      <arg name="finger_name" type="s" direction="in"/>
    </method>
    <method name="Release">
    </method>
    <method name="Claim">
      <arg name="username" type="s" direction="in"/>
    </method>
    <method name="DeleteEnrolledFingers">
      <arg name="username" type="s" direction="in"/>
    </method>
    <method name="DeleteEnrolledFinger">
      <arg name="username" type="s" direction="in"/>
      <arg name="finger_name" type="s" direction="in"/>
    </method>
    <method name="ListEnrolledFingers">
      <arg name="username" type="s" direction="in"/>
      <arg name="enrolled_fingers" type="as" direction="out"/>
    </method>
    <signal name="EnrollStatus">
      <arg type="s"/>
      <arg type="b"/>
    </signal>
    <signal name="VerifyStatus">
      <arg type="s"/>
      <arg type="b"/>
    </signal>
    <signal name="VerifyFingerSelected">
      <arg type="s"/>
    </signal>
    <property name="scan-type" type="s" access="read"/>
    <property name="num-enroll-stages" type="i" access="read"/>
    <property name="name" type="s" access="read"/>
  </interface>
</node>
