<!DOCTYPE node PUBLIC "-//freedesktop//DTD D-BUS Object Introspection 1.0//EN"
        "http://www.freedesktop.org/standards/dbus/1.0/introspect.dtd">
<node>
    <interface name="com.deepin.system.Power.Battery">
        <property name="EnergyFullDesign" type="d" access="read"></property>
        <property name="Capacity" type="d" access="read"></property>
        <property name="Technology" type="s" access="read"></property>
        <property name="Energy" type="d" access="read"></property>
        <property name="EnergyFull" type="d" access="read"></property>
        <property name="Manufacturer" type="s" access="read"></property>
        <property name="ModelName" type="s" access="read"></property>
        <property name="TimeToEmpty" type="t" access="read"></property>
        <property name="IsPresent" type="b" access="read"></property>
        <property name="Status" type="u" access="read"></property>
        <property name="EnergyRate" type="d" access="read"></property>
        <property name="Voltage" type="d" access="read"></property>
        <property name="Percentage" type="d" access="read"></property>
        <property name="TimeToFull" type="t" access="read"></property>
        <property name="UpdateTime" type="x" access="read"></property>
        <property name="SysfsPath" type="s" access="read"></property>
        <property name="SerialNumber" type="s" access="read"></property>
        <property name="Name" type="s" access="read"></property>
    </interface>
    <interface name="org.freedesktop.DBus.Introspectable">
        <method name="Introspect">
            <arg name="out" type="s" direction="out"></arg>
        </method>
    </interface>
    <interface name="org.freedesktop.DBus.Properties">
        <method name="Get">
            <arg name="interface" type="s" direction="in"></arg>
            <arg name="property" type="s" direction="in"></arg>
            <arg name="value" type="v" direction="out"></arg>
        </method>
        <method name="GetAll">
            <arg name="interface" type="s" direction="in"></arg>
            <arg name="props" type="a{sv}" direction="out"></arg>
        </method>
        <method name="Set">
            <arg name="interface" type="s" direction="in"></arg>
            <arg name="property" type="s" direction="in"></arg>
            <arg name="value" type="v" direction="in"></arg>
        </method>
        <signal name="PropertiesChanged">
            <arg name="interface" type="s" direction="out"></arg>
            <arg name="changed_properties" type="a{sv}" direction="out"></arg>
            <arg name="invalidates_properties" type="as" direction="out"></arg>
        </signal>
    </interface>
    <interface name="org.freedesktop.DBus.Peer">
        <method name="Ping"></method>
        <method name="GetMachineId">
            <arg name="machine_uuid" type="s" direction="out"></arg>
        </method>
    </interface>
</node>
