<!DOCTYPE node PUBLIC "-//freedesktop//DTD D-BUS Object Introspection 1.0//EN"
        "http://www.freedesktop.org/standards/dbus/1.0/introspect.dtd">
<node>
    <interface name="com.deepin.system.Power">
        <method name="GetBatteries">
            <arg name="batteries" type="ao" direction="out"></arg>
        </method>
        <method name="Refresh"></method>
        <method name="RefreshBatteries"></method>
        <method name="RefreshMains"></method>
        <signal name="BatteryDisplayUpdate">
            <arg name="timestamp" type="x"></arg>
        </signal>
        <signal name="BatteryAdded">
            <arg name="path" type="o"></arg>
        </signal>
        <signal name="BatteryRemoved">
            <arg name="path" type="o"></arg>
        </signal>
        <signal name="LidClosed"></signal>
        <signal name="LidOpened"></signal>
        <signal name="PowerActionCode">
            <arg name="actionCode" type="i"></arg>
        </signal>
        <property name="PowerSavingModeAuto" type="b" access="readwrite"></property>
        <property name="OnBattery" type="b" access="read"></property>
        <property name="HasLidSwitch" type="b" access="read"></property>
        <property name="BatteryPercentage" type="d" access="read"></property>
        <property name="BatteryTimeToEmpty" type="t" access="read"></property>
        <property name="HasBattery" type="b" access="read"></property>
        <property name="BatteryStatus" type="u" access="read"></property>
        <property name="BatteryTimeToFull" type="t" access="read"></property>
        <property name="BatteryCapacity" type="d" access="read"></property>
        <property name="PowerSavingModeEnabled" type="b" access="readwrite"></property>
        <property name="PowerSavingModeAutoWhenBatteryLow" type="b" access="readwrite"></property>
        <property name="PowerSavingModeBrightnessDropPercent" type="u" access="read"></property>
        <property name="CpuGovernor" type="s" access="read"></property>
        <property name="CpuBoost" type="b" access="read"></property>
        <property name="IsBoostSupported" type="b" access="read"></property>
        <property name="IsHighPerformanceSupported" type="b" access="read"></property>
        <property name="Mode" type="s" access="read"></property>
        <method name="SetCpuGovernor">
            <arg name="governor" type="s" direction="in"></arg>
        </method>
        <method name="SetCpuBoost">
            <arg name="enabled" type="b" direction="in"></arg>
        </method>
        <method name="SetMode">
            <arg name="mode" type="s" direction="in"></arg>
        </method>
        <method name="LockCpuFreq">
            <arg name="governor" type="s" direction="in"></arg>
            <arg name="lockTime" type="i" direction="in"></arg>
        </method>
    </interface>
    <interface name="org.freedesktop.DBus.Introspectable">
        <method name="Introspect">
            <arg name="out" type="s" direction="out"></arg>
        </method>
    </interface>
    <interface name="org.freedesktop.DBus.Properties">
        <method name="Get">
            <arg name="interface" type="s" direction="in"></arg>
            <arg name="property" type="s" direction="in"></arg>
            <arg name="value" type="v" direction="out"></arg>
        </method>
        <method name="GetAll">
            <arg name="interface" type="s" direction="in"></arg>
            <arg name="props" type="a{sv}" direction="out"></arg>
        </method>
        <method name="Set">
            <arg name="interface" type="s" direction="in"></arg>
            <arg name="property" type="s" direction="in"></arg>
            <arg name="value" type="v" direction="in"></arg>
        </method>
        <signal name="PropertiesChanged">
            <arg name="interface" type="s" direction="out"></arg>
            <arg name="changed_properties" type="a{sv}" direction="out"></arg>
            <arg name="invalidates_properties" type="as" direction="out"></arg>
        </signal>
    </interface>
    <interface name="org.freedesktop.DBus.Peer">
        <method name="Ping"></method>
        <method name="GetMachineId">
            <arg name="machine_uuid" type="s" direction="out"></arg>
        </method>
    </interface>
    <node name="battery_BAT0"></node>
</node>
