<!DOCTYPE node PUBLIC "-//freedesktop//DTD D-BUS Object Introspection 1.0//EN"
                      "http://www.freedesktop.org/standards/dbus/1.0/introspect.dtd">
<!-- GDBus 2.53.4 -->
<node>
  <interface name="org.freedesktop.DBus.Properties">
    <method name="Get">
      <arg type="s" name="interface_name" direction="in"/>
      <arg type="s" name="property_name" direction="in"/>
      <arg type="v" name="value" direction="out"/>
    </method>
    <method name="GetAll">
      <arg type="s" name="interface_name" direction="in"/>
      <arg type="a{sv}" name="properties" direction="out"/>
    </method>
    <method name="Set">
      <arg type="s" name="interface_name" direction="in"/>
      <arg type="s" name="property_name" direction="in"/>
      <arg type="v" name="value" direction="in"/>
    </method>
    <signal name="PropertiesChanged">
      <arg type="s" name="interface_name"/>
      <arg type="a{sv}" name="changed_properties"/>
      <arg type="as" name="invalidated_properties"/>
    </signal>
  </interface>
  <interface name="org.freedesktop.DBus.Introspectable">
    <method name="Introspect">
      <arg type="s" name="xml_data" direction="out"/>
    </method>
  </interface>
  <interface name="org.freedesktop.DBus.Peer">
    <method name="Ping"/>
    <method name="GetMachineId">
      <arg type="s" name="machine_uuid" direction="out"/>
    </method>
  </interface>
  <interface name="org.freedesktop.Secret.Collection">
    <method name="Delete">
      <arg type="o" name="prompt" direction="out"/>
    </method>
    <method name="SearchItems">
      <arg type="a{ss}" name="attributes" direction="in"/>
      <arg type="ao" name="results" direction="out"/>
    </method>
    <method name="CreateItem">
      <arg type="a{sv}" name="properties" direction="in"/>
      <arg type="(oayays)" name="secret" direction="in"/>
      <arg type="b" name="replace" direction="in"/>
      <arg type="o" name="item" direction="out"/>
      <arg type="o" name="prompt" direction="out"/>
    </method>
    <signal name="ItemCreated">
      <arg type="o" name="item"/>
    </signal>
    <signal name="ItemDeleted">
      <arg type="o" name="item"/>
    </signal>
    <signal name="ItemChanged">
      <arg type="o" name="item"/>
    </signal>
    <property type="ao" name="Items" access="read"/>
    <property type="s" name="Label" access="readwrite"/>
    <property type="b" name="Locked" access="read"/>
    <property type="t" name="Created" access="read"/>
    <property type="t" name="Modified" access="read"/>
  </interface>
</node>
