<!DOCTYPE node PUBLIC "-//freedesktop//DTD D-BUS Object Introspection 1.0//EN"
                      "http://www.freedesktop.org/standards/dbus/1.0/introspect.dtd">
<!-- GDBus 2.53.4 -->
<node>
  <interface name="org.freedesktop.DBus.Properties">
    <method name="Get">
      <arg type="s" name="interface_name" direction="in"/>
      <arg type="s" name="property_name" direction="in"/>
      <arg type="v" name="value" direction="out"/>
    </method>
    <method name="GetAll">
      <arg type="s" name="interface_name" direction="in"/>
      <arg type="a{sv}" name="properties" direction="out"/>
    </method>
    <method name="Set">
      <arg type="s" name="interface_name" direction="in"/>
      <arg type="s" name="property_name" direction="in"/>
      <arg type="v" name="value" direction="in"/>
    </method>
    <signal name="PropertiesChanged">
      <arg type="s" name="interface_name"/>
      <arg type="a{sv}" name="changed_properties"/>
      <arg type="as" name="invalidated_properties"/>
    </signal>
  </interface>
  <interface name="org.freedesktop.DBus.Introspectable">
    <method name="Introspect">
      <arg type="s" name="xml_data" direction="out"/>
    </method>
  </interface>
  <interface name="org.freedesktop.DBus.Peer">
    <method name="Ping"/>
    <method name="GetMachineId">
      <arg type="s" name="machine_uuid" direction="out"/>
    </method>
  </interface>
  <interface name="org.freedesktop.Secret.Item">
    <method name="Delete">
      <arg type="o" name="Prompt" direction="out"/>
    </method>
    <method name="GetSecret">
      <arg type="o" name="session" direction="in"/>
      <arg type="(oayays)" name="secret" direction="out"/>
    </method>
    <method name="SetSecret">
      <arg type="(oayays)" name="secret" direction="in"/>
    </method>
    <property type="b" name="Locked" access="read"/>
    <property type="a{ss}" name="Attributes" access="readwrite"/>
    <property type="s" name="Label" access="readwrite"/>
    <property type="s" name="Type" access="readwrite"/>
    <property type="t" name="Created" access="read"/>
    <property type="t" name="Modified" access="read"/>
  </interface>
</node>
