<!DOCTYPE node PUBLIC "-//freedesktop//DTD D-BUS Object Introspection 1.0//EN"
                      "http://www.freedesktop.org/standards/dbus/1.0/introspect.dtd">
<!-- GDBus 2.53.4 -->
<node>
  <interface name="org.freedesktop.DBus.Properties">
    <method name="Get">
      <arg type="s" name="interface_name" direction="in"/>
      <arg type="s" name="property_name" direction="in"/>
      <arg type="v" name="value" direction="out"/>
    </method>
    <method name="GetAll">
      <arg type="s" name="interface_name" direction="in"/>
      <arg type="a{sv}" name="properties" direction="out"/>
    </method>
    <method name="Set">
      <arg type="s" name="interface_name" direction="in"/>
      <arg type="s" name="property_name" direction="in"/>
      <arg type="v" name="value" direction="in"/>
    </method>
    <signal name="PropertiesChanged">
      <arg type="s" name="interface_name"/>
      <arg type="a{sv}" name="changed_properties"/>
      <arg type="as" name="invalidated_properties"/>
    </signal>
  </interface>
  <interface name="org.freedesktop.DBus.Introspectable">
    <method name="Introspect">
      <arg type="s" name="xml_data" direction="out"/>
    </method>
  </interface>
  <interface name="org.freedesktop.DBus.Peer">
    <method name="Ping"/>
    <method name="GetMachineId">
      <arg type="s" name="machine_uuid" direction="out"/>
    </method>
  </interface>
  <interface name="org.freedesktop.Secret.Service">
    <method name="OpenSession">
      <arg type="s" name="algorithm" direction="in"/>
      <arg type="v" name="input" direction="in"/>
      <arg type="v" name="output" direction="out"/>
      <arg type="o" name="result" direction="out"/>
    </method>
    <method name="CreateCollection">
      <arg type="a{sv}" name="properties" direction="in"/>
      <arg type="s" name="alias" direction="in"/>
      <arg type="o" name="collection" direction="out"/>
      <arg type="o" name="prompt" direction="out"/>
    </method>
    <method name="SearchItems">
      <arg type="a{ss}" name="attributes" direction="in"/>
      <arg type="ao" name="unlocked" direction="out"/>
      <arg type="ao" name="locked" direction="out"/>
    </method>
    <method name="Unlock">
      <arg type="ao" name="objects" direction="in"/>
      <arg type="ao" name="unlocked" direction="out"/>
      <arg type="o" name="prompt" direction="out"/>
    </method>
    <method name="Lock">
      <arg type="ao" name="objects" direction="in"/>
      <arg type="ao" name="locked" direction="out"/>
      <arg type="o" name="Prompt" direction="out"/>
    </method>
    <method name="LockService"/>
    <method name="ChangeLock">
      <arg type="o" name="collection" direction="in"/>
      <arg type="o" name="prompt" direction="out"/>
    </method>
    <method name="GetSecrets">
      <arg type="ao" name="items" direction="in"/>
      <arg type="o" name="session" direction="in"/>
      <arg type="a{o(oayays)}" name="secrets" direction="out"/>
    </method>
    <method name="ReadAlias">
      <arg type="s" name="name" direction="in"/>
      <arg type="o" name="collection" direction="out"/>
    </method>
    <method name="SetAlias">
      <arg type="s" name="name" direction="in"/>
      <arg type="o" name="collection" direction="in"/>
    </method>
    <signal name="CollectionCreated">
      <arg type="o" name="collection"/>
    </signal>
    <signal name="CollectionDeleted">
      <arg type="o" name="collection"/>
    </signal>
    <signal name="CollectionChanged">
      <arg type="o" name="collection"/>
    </signal>
    <property type="ao" name="Collections" access="read"/>
  </interface>
  <interface name="org.gnome.keyring.InternalUnsupportedGuiltRiddenInterface">
    <method name="ChangeWithMasterPassword">
      <arg type="o" name="collection" direction="in"/>
      <arg type="(oayays)" name="original" direction="in"/>
      <arg type="(oayays)" name="master" direction="in"/>
    </method>
    <method name="ChangeWithPrompt">
      <arg type="o" name="collection" direction="in"/>
      <arg type="o" name="prompt" direction="out"/>
    </method>
    <method name="CreateWithMasterPassword">
      <arg type="a{sv}" name="attributes" direction="in"/>
      <arg type="(oayays)" name="master" direction="in"/>
      <arg type="o" name="collection" direction="out"/>
    </method>
    <method name="UnlockWithMasterPassword">
      <arg type="o" name="collection" direction="in"/>
      <arg type="(oayays)" name="master" direction="in"/>
    </method>
  </interface>
  <node name="collection"/>
</node>
