<?xml version="1.0" encoding="UTF-8" ?>

<!--
 ModemManager 1.0 Interface Specification

   Copyright (C) 2008 Novell, Inc.
   Copyright (C) 2008-2013 Red Hat, Inc.
   Copyright (C) 2011-2013 Google, Inc.
   Copyright (C) 2011-2013 Lanedo GmbH
-->

<node name="/" xmlns:doc="http://www.freedesktop.org/dbus/1.0/doc.dtd">

  <!--
      org.freedesktop.ModemManager1:
      @short_description: The ModemManager Manager interface.

      The Manager interface allows controlling and querying the status of the
      ModemManager daemon.
  -->
  <interface name="org.freedesktop.ModemManager1">

    <!--
        ScanDevices:

        Start a new scan for connected modem devices.
    -->
    <method name="ScanDevices" />

    <!--
        SetLogging:
        @level: One of <literal>"ERR"</literal>, <literal>"WARN"</literal>, <literal>"INFO"</literal>, <literal>"DEBUG"</literal>.

        Set logging verbosity.
    -->
    <method name="SetLogging">
      <arg name="level" type="s" direction="in" />
    </method>

  </interface>
</node>
