<!DOCTYPE node PUBLIC "-//freedesktop//DTD D-BUS Object Introspection 1.0//EN"
"http://www.freedesktop.org/standards/dbus/1.0/introspect.dtd">
<node>
 <interface name="org.freedesktop.DBus.Peer">
  <method name="Ping"/>
  <method name="GetMachineId">
   <arg type="s" name="machine_uuid" direction="out"/>
  </method>
 </interface>
 <interface name="org.freedesktop.DBus.Introspectable">
  <method name="Introspect">
   <arg name="data" type="s" direction="out"/>
  </method>
 </interface>
 <interface name="org.freedesktop.DBus.Properties">
  <method name="Get">
   <arg name="interface" direction="in" type="s"/>
   <arg name="property" direction="in" type="s"/>
   <arg name="value" direction="out" type="v"/>
  </method>
  <method name="GetAll">
   <arg name="interface" direction="in" type="s"/>
   <arg name="properties" direction="out" type="a{sv}"/>
  </method>
  <method name="Set">
   <arg name="interface" direction="in" type="s"/>
   <arg name="property" direction="in" type="s"/>
   <arg name="value" direction="in" type="v"/>
  </method>
  <signal name="PropertiesChanged">
   <arg type="s" name="interface"/>
   <arg type="a{sv}" name="changed_properties"/>
   <arg type="as" name="invalidated_properties"/>
  </signal>
 </interface>
 <interface name="org.freedesktop.systemd1.Manager">
  <property name="Version" type="s" access="read">
   <annotation name="org.freedesktop.DBus.Property.EmitsChangedSignal" value="const"/>
  </property>
  <property name="Features" type="s" access="read">
   <annotation name="org.freedesktop.DBus.Property.EmitsChangedSignal" value="const"/>
  </property>
  <property name="Virtualization" type="s" access="read">
   <annotation name="org.freedesktop.DBus.Property.EmitsChangedSignal" value="const"/>
  </property>
  <property name="Architecture" type="s" access="read">
   <annotation name="org.freedesktop.DBus.Property.EmitsChangedSignal" value="const"/>
  </property>
  <property name="Tainted" type="s" access="read">
   <annotation name="org.freedesktop.DBus.Property.EmitsChangedSignal" value="const"/>
  </property>
  <property name="FirmwareTimestamp" type="t" access="read">
   <annotation name="org.freedesktop.DBus.Property.EmitsChangedSignal" value="const"/>
  </property>
  <property name="FirmwareTimestampMonotonic" type="t" access="read">
   <annotation name="org.freedesktop.DBus.Property.EmitsChangedSignal" value="const"/>
  </property>
  <property name="LoaderTimestamp" type="t" access="read">
   <annotation name="org.freedesktop.DBus.Property.EmitsChangedSignal" value="const"/>
  </property>
  <property name="LoaderTimestampMonotonic" type="t" access="read">
   <annotation name="org.freedesktop.DBus.Property.EmitsChangedSignal" value="const"/>
  </property>
  <property name="KernelTimestamp" type="t" access="read">
   <annotation name="org.freedesktop.DBus.Property.EmitsChangedSignal" value="const"/>
  </property>
  <property name="KernelTimestampMonotonic" type="t" access="read">
   <annotation name="org.freedesktop.DBus.Property.EmitsChangedSignal" value="const"/>
  </property>
  <property name="InitRDTimestamp" type="t" access="read">
   <annotation name="org.freedesktop.DBus.Property.EmitsChangedSignal" value="const"/>
  </property>
  <property name="InitRDTimestampMonotonic" type="t" access="read">
   <annotation name="org.freedesktop.DBus.Property.EmitsChangedSignal" value="const"/>
  </property>
  <property name="UserspaceTimestamp" type="t" access="read">
   <annotation name="org.freedesktop.DBus.Property.EmitsChangedSignal" value="const"/>
  </property>
  <property name="UserspaceTimestampMonotonic" type="t" access="read">
   <annotation name="org.freedesktop.DBus.Property.EmitsChangedSignal" value="const"/>
  </property>
  <property name="FinishTimestamp" type="t" access="read">
   <annotation name="org.freedesktop.DBus.Property.EmitsChangedSignal" value="const"/>
  </property>
  <property name="FinishTimestampMonotonic" type="t" access="read">
   <annotation name="org.freedesktop.DBus.Property.EmitsChangedSignal" value="const"/>
  </property>
  <property name="SecurityStartTimestamp" type="t" access="read">
   <annotation name="org.freedesktop.DBus.Property.EmitsChangedSignal" value="const"/>
  </property>
  <property name="SecurityStartTimestampMonotonic" type="t" access="read">
   <annotation name="org.freedesktop.DBus.Property.EmitsChangedSignal" value="const"/>
  </property>
  <property name="SecurityFinishTimestamp" type="t" access="read">
   <annotation name="org.freedesktop.DBus.Property.EmitsChangedSignal" value="const"/>
  </property>
  <property name="SecurityFinishTimestampMonotonic" type="t" access="read">
   <annotation name="org.freedesktop.DBus.Property.EmitsChangedSignal" value="const"/>
  </property>
  <property name="GeneratorsStartTimestamp" type="t" access="read">
   <annotation name="org.freedesktop.DBus.Property.EmitsChangedSignal" value="const"/>
  </property>
  <property name="GeneratorsStartTimestampMonotonic" type="t" access="read">
   <annotation name="org.freedesktop.DBus.Property.EmitsChangedSignal" value="const"/>
  </property>
  <property name="GeneratorsFinishTimestamp" type="t" access="read">
   <annotation name="org.freedesktop.DBus.Property.EmitsChangedSignal" value="const"/>
  </property>
  <property name="GeneratorsFinishTimestampMonotonic" type="t" access="read">
   <annotation name="org.freedesktop.DBus.Property.EmitsChangedSignal" value="const"/>
  </property>
  <property name="UnitsLoadStartTimestamp" type="t" access="read">
   <annotation name="org.freedesktop.DBus.Property.EmitsChangedSignal" value="const"/>
  </property>
  <property name="UnitsLoadStartTimestampMonotonic" type="t" access="read">
   <annotation name="org.freedesktop.DBus.Property.EmitsChangedSignal" value="const"/>
  </property>
  <property name="UnitsLoadFinishTimestamp" type="t" access="read">
   <annotation name="org.freedesktop.DBus.Property.EmitsChangedSignal" value="const"/>
  </property>
  <property name="UnitsLoadFinishTimestampMonotonic" type="t" access="read">
   <annotation name="org.freedesktop.DBus.Property.EmitsChangedSignal" value="const"/>
  </property>
  <property name="InitRDSecurityStartTimestamp" type="t" access="read">
   <annotation name="org.freedesktop.DBus.Property.EmitsChangedSignal" value="const"/>
  </property>
  <property name="InitRDSecurityStartTimestampMonotonic" type="t" access="read">
   <annotation name="org.freedesktop.DBus.Property.EmitsChangedSignal" value="const"/>
  </property>
  <property name="InitRDSecurityFinishTimestamp" type="t" access="read">
   <annotation name="org.freedesktop.DBus.Property.EmitsChangedSignal" value="const"/>
  </property>
  <property name="InitRDSecurityFinishTimestampMonotonic" type="t" access="read">
   <annotation name="org.freedesktop.DBus.Property.EmitsChangedSignal" value="const"/>
  </property>
  <property name="InitRDGeneratorsStartTimestamp" type="t" access="read">
   <annotation name="org.freedesktop.DBus.Property.EmitsChangedSignal" value="const"/>
  </property>
  <property name="InitRDGeneratorsStartTimestampMonotonic" type="t" access="read">
   <annotation name="org.freedesktop.DBus.Property.EmitsChangedSignal" value="const"/>
  </property>
  <property name="InitRDGeneratorsFinishTimestamp" type="t" access="read">
   <annotation name="org.freedesktop.DBus.Property.EmitsChangedSignal" value="const"/>
  </property>
  <property name="InitRDGeneratorsFinishTimestampMonotonic" type="t" access="read">
   <annotation name="org.freedesktop.DBus.Property.EmitsChangedSignal" value="const"/>
  </property>
  <property name="InitRDUnitsLoadStartTimestamp" type="t" access="read">
   <annotation name="org.freedesktop.DBus.Property.EmitsChangedSignal" value="const"/>
  </property>
  <property name="InitRDUnitsLoadStartTimestampMonotonic" type="t" access="read">
   <annotation name="org.freedesktop.DBus.Property.EmitsChangedSignal" value="const"/>
  </property>
  <property name="InitRDUnitsLoadFinishTimestamp" type="t" access="read">
   <annotation name="org.freedesktop.DBus.Property.EmitsChangedSignal" value="const"/>
  </property>
  <property name="InitRDUnitsLoadFinishTimestampMonotonic" type="t" access="read">
   <annotation name="org.freedesktop.DBus.Property.EmitsChangedSignal" value="const"/>
  </property>
  <property name="LogLevel" type="s" access="readwrite">
   <annotation name="org.freedesktop.DBus.Property.EmitsChangedSignal" value="false"/>
   <annotation name="org.freedesktop.systemd1.Privileged" value="true"/>
  </property>
  <property name="LogTarget" type="s" access="readwrite">
   <annotation name="org.freedesktop.DBus.Property.EmitsChangedSignal" value="false"/>
   <annotation name="org.freedesktop.systemd1.Privileged" value="true"/>
  </property>
  <property name="NNames" type="u" access="read">
   <annotation name="org.freedesktop.DBus.Property.EmitsChangedSignal" value="false"/>
  </property>
  <property name="NFailedUnits" type="u" access="read">
  </property>
  <property name="NJobs" type="u" access="read">
   <annotation name="org.freedesktop.DBus.Property.EmitsChangedSignal" value="false"/>
  </property>
  <property name="NInstalledJobs" type="u" access="read">
   <annotation name="org.freedesktop.DBus.Property.EmitsChangedSignal" value="false"/>
  </property>
  <property name="NFailedJobs" type="u" access="read">
   <annotation name="org.freedesktop.DBus.Property.EmitsChangedSignal" value="false"/>
  </property>
  <property name="Progress" type="d" access="read">
   <annotation name="org.freedesktop.DBus.Property.EmitsChangedSignal" value="false"/>
  </property>
  <property name="Environment" type="as" access="read">
   <annotation name="org.freedesktop.DBus.Property.EmitsChangedSignal" value="false"/>
  </property>
  <property name="ConfirmSpawn" type="b" access="read">
   <annotation name="org.freedesktop.DBus.Property.EmitsChangedSignal" value="const"/>
  </property>
  <property name="ShowStatus" type="b" access="read">
   <annotation name="org.freedesktop.DBus.Property.EmitsChangedSignal" value="false"/>
  </property>
  <property name="UnitPath" type="as" access="read">
   <annotation name="org.freedesktop.DBus.Property.EmitsChangedSignal" value="const"/>
  </property>
  <property name="DefaultStandardOutput" type="s" access="read">
   <annotation name="org.freedesktop.DBus.Property.EmitsChangedSignal" value="const"/>
  </property>
  <property name="DefaultStandardError" type="s" access="read">
   <annotation name="org.freedesktop.DBus.Property.EmitsChangedSignal" value="const"/>
  </property>
  <property name="RuntimeWatchdogUSec" type="t" access="readwrite">
   <annotation name="org.freedesktop.DBus.Property.EmitsChangedSignal" value="false"/>
   <annotation name="org.freedesktop.systemd1.Privileged" value="true"/>
  </property>
  <property name="ShutdownWatchdogUSec" type="t" access="readwrite">
   <annotation name="org.freedesktop.DBus.Property.EmitsChangedSignal" value="false"/>
   <annotation name="org.freedesktop.systemd1.Privileged" value="true"/>
  </property>
  <property name="ServiceWatchdogs" type="b" access="readwrite">
   <annotation name="org.freedesktop.DBus.Property.EmitsChangedSignal" value="false"/>
   <annotation name="org.freedesktop.systemd1.Privileged" value="true"/>
  </property>
  <property name="ControlGroup" type="s" access="read">
   <annotation name="org.freedesktop.DBus.Property.EmitsChangedSignal" value="false"/>
  </property>
  <property name="SystemState" type="s" access="read">
   <annotation name="org.freedesktop.DBus.Property.EmitsChangedSignal" value="false"/>
  </property>
  <property name="ExitCode" type="y" access="read">
   <annotation name="org.freedesktop.DBus.Property.EmitsChangedSignal" value="false"/>
  </property>
  <property name="DefaultTimerAccuracyUSec" type="t" access="read">
   <annotation name="org.freedesktop.DBus.Property.EmitsChangedSignal" value="const"/>
  </property>
  <property name="DefaultTimeoutStartUSec" type="t" access="read">
   <annotation name="org.freedesktop.DBus.Property.EmitsChangedSignal" value="const"/>
  </property>
  <property name="DefaultTimeoutStopUSec" type="t" access="read">
   <annotation name="org.freedesktop.DBus.Property.EmitsChangedSignal" value="const"/>
  </property>
  <property name="DefaultRestartUSec" type="t" access="read">
   <annotation name="org.freedesktop.DBus.Property.EmitsChangedSignal" value="const"/>
  </property>
  <property name="DefaultStartLimitIntervalUSec" type="t" access="read">
   <annotation name="org.freedesktop.DBus.Property.EmitsChangedSignal" value="const"/>
  </property>
  <property name="DefaultStartLimitBurst" type="u" access="read">
   <annotation name="org.freedesktop.DBus.Property.EmitsChangedSignal" value="const"/>
  </property>
  <property name="DefaultCPUAccounting" type="b" access="read">
   <annotation name="org.freedesktop.DBus.Property.EmitsChangedSignal" value="const"/>
  </property>
  <property name="DefaultBlockIOAccounting" type="b" access="read">
   <annotation name="org.freedesktop.DBus.Property.EmitsChangedSignal" value="const"/>
  </property>
  <property name="DefaultMemoryAccounting" type="b" access="read">
   <annotation name="org.freedesktop.DBus.Property.EmitsChangedSignal" value="const"/>
  </property>
  <property name="DefaultTasksAccounting" type="b" access="read">
   <annotation name="org.freedesktop.DBus.Property.EmitsChangedSignal" value="const"/>
  </property>
  <property name="DefaultLimitCPU" type="t" access="read">
   <annotation name="org.freedesktop.DBus.Property.EmitsChangedSignal" value="const"/>
  </property>
  <property name="DefaultLimitCPUSoft" type="t" access="read">
   <annotation name="org.freedesktop.DBus.Property.EmitsChangedSignal" value="const"/>
  </property>
  <property name="DefaultLimitFSIZE" type="t" access="read">
   <annotation name="org.freedesktop.DBus.Property.EmitsChangedSignal" value="const"/>
  </property>
  <property name="DefaultLimitFSIZESoft" type="t" access="read">
   <annotation name="org.freedesktop.DBus.Property.EmitsChangedSignal" value="const"/>
  </property>
  <property name="DefaultLimitDATA" type="t" access="read">
   <annotation name="org.freedesktop.DBus.Property.EmitsChangedSignal" value="const"/>
  </property>
  <property name="DefaultLimitDATASoft" type="t" access="read">
   <annotation name="org.freedesktop.DBus.Property.EmitsChangedSignal" value="const"/>
  </property>
  <property name="DefaultLimitSTACK" type="t" access="read">
   <annotation name="org.freedesktop.DBus.Property.EmitsChangedSignal" value="const"/>
  </property>
  <property name="DefaultLimitSTACKSoft" type="t" access="read">
   <annotation name="org.freedesktop.DBus.Property.EmitsChangedSignal" value="const"/>
  </property>
  <property name="DefaultLimitCORE" type="t" access="read">
   <annotation name="org.freedesktop.DBus.Property.EmitsChangedSignal" value="const"/>
  </property>
  <property name="DefaultLimitCORESoft" type="t" access="read">
   <annotation name="org.freedesktop.DBus.Property.EmitsChangedSignal" value="const"/>
  </property>
  <property name="DefaultLimitRSS" type="t" access="read">
   <annotation name="org.freedesktop.DBus.Property.EmitsChangedSignal" value="const"/>
  </property>
  <property name="DefaultLimitRSSSoft" type="t" access="read">
   <annotation name="org.freedesktop.DBus.Property.EmitsChangedSignal" value="const"/>
  </property>
  <property name="DefaultLimitNOFILE" type="t" access="read">
   <annotation name="org.freedesktop.DBus.Property.EmitsChangedSignal" value="const"/>
  </property>
  <property name="DefaultLimitNOFILESoft" type="t" access="read">
   <annotation name="org.freedesktop.DBus.Property.EmitsChangedSignal" value="const"/>
  </property>
  <property name="DefaultLimitAS" type="t" access="read">
   <annotation name="org.freedesktop.DBus.Property.EmitsChangedSignal" value="const"/>
  </property>
  <property name="DefaultLimitASSoft" type="t" access="read">
   <annotation name="org.freedesktop.DBus.Property.EmitsChangedSignal" value="const"/>
  </property>
  <property name="DefaultLimitNPROC" type="t" access="read">
   <annotation name="org.freedesktop.DBus.Property.EmitsChangedSignal" value="const"/>
  </property>
  <property name="DefaultLimitNPROCSoft" type="t" access="read">
   <annotation name="org.freedesktop.DBus.Property.EmitsChangedSignal" value="const"/>
  </property>
  <property name="DefaultLimitMEMLOCK" type="t" access="read">
   <annotation name="org.freedesktop.DBus.Property.EmitsChangedSignal" value="const"/>
  </property>
  <property name="DefaultLimitMEMLOCKSoft" type="t" access="read">
   <annotation name="org.freedesktop.DBus.Property.EmitsChangedSignal" value="const"/>
  </property>
  <property name="DefaultLimitLOCKS" type="t" access="read">
   <annotation name="org.freedesktop.DBus.Property.EmitsChangedSignal" value="const"/>
  </property>
  <property name="DefaultLimitLOCKSSoft" type="t" access="read">
   <annotation name="org.freedesktop.DBus.Property.EmitsChangedSignal" value="const"/>
  </property>
  <property name="DefaultLimitSIGPENDING" type="t" access="read">
   <annotation name="org.freedesktop.DBus.Property.EmitsChangedSignal" value="const"/>
  </property>
  <property name="DefaultLimitSIGPENDINGSoft" type="t" access="read">
   <annotation name="org.freedesktop.DBus.Property.EmitsChangedSignal" value="const"/>
  </property>
  <property name="DefaultLimitMSGQUEUE" type="t" access="read">
   <annotation name="org.freedesktop.DBus.Property.EmitsChangedSignal" value="const"/>
  </property>
  <property name="DefaultLimitMSGQUEUESoft" type="t" access="read">
   <annotation name="org.freedesktop.DBus.Property.EmitsChangedSignal" value="const"/>
  </property>
  <property name="DefaultLimitNICE" type="t" access="read">
   <annotation name="org.freedesktop.DBus.Property.EmitsChangedSignal" value="const"/>
  </property>
  <property name="DefaultLimitNICESoft" type="t" access="read">
   <annotation name="org.freedesktop.DBus.Property.EmitsChangedSignal" value="const"/>
  </property>
  <property name="DefaultLimitRTPRIO" type="t" access="read">
   <annotation name="org.freedesktop.DBus.Property.EmitsChangedSignal" value="const"/>
  </property>
  <property name="DefaultLimitRTPRIOSoft" type="t" access="read">
   <annotation name="org.freedesktop.DBus.Property.EmitsChangedSignal" value="const"/>
  </property>
  <property name="DefaultLimitRTTIME" type="t" access="read">
   <annotation name="org.freedesktop.DBus.Property.EmitsChangedSignal" value="const"/>
  </property>
  <property name="DefaultLimitRTTIMESoft" type="t" access="read">
   <annotation name="org.freedesktop.DBus.Property.EmitsChangedSignal" value="const"/>
  </property>
  <property name="DefaultTasksMax" type="t" access="read">
   <annotation name="org.freedesktop.DBus.Property.EmitsChangedSignal" value="const"/>
  </property>
  <property name="TimerSlackNSec" type="t" access="read">
   <annotation name="org.freedesktop.DBus.Property.EmitsChangedSignal" value="const"/>
  </property>
  <method name="GetUnit">
   <arg name="name" type="s" direction="in"/>
   <arg name="unit" type="o" direction="out"/>
  </method>
  <method name="GetUnitByPID">
   <arg name="pid" type="u" direction="in"/>
   <arg name="unit" type="o" direction="out"/>
  </method>
  <method name="GetUnitByInvocationID">
   <arg name="invocationID" type="ay" direction="in"/>
   <arg name="unit" type="o" direction="out"/>
  </method>
  <method name="GetUnitByControlGroup">
   <arg name="ctrlGroup" type="s" direction="in"/>
   <arg name="unit" type="o" direction="out"/>
  </method>
  <method name="LoadUnit">
   <arg name="name" type="s" direction="in"/>
   <arg name="unit" type="o" direction="out"/>
  </method>
  <method name="StartUnit">
   <arg name="name" type="s" direction="in"/>
   <arg name="mode" type="s" direction="in"/>
   <arg name="unit" type="o" direction="out"/>
  </method>
  <method name="StartUnitReplace">
   <arg name="oldUnit" type="s" direction="in"/>
   <arg name="newUnit" type="s" direction="in"/>
   <arg name="mode" type="s" direction="in"/>
   <arg name="job" type="o" direction="out"/>
  </method>
  <method name="StopUnit">
   <arg name="name" type="s" direction="in"/>
   <arg name="mode" type="s" direction="in"/>
   <arg name="job" type="o" direction="out"/>
  </method>
  <method name="ReloadUnit">
   <arg name="name" type="s" direction="in"/>
   <arg name="mode" type="s" direction="in"/>
   <arg name="job" type="o" direction="out"/>
  </method>
  <method name="RestartUnit">
   <arg name="name" type="s" direction="in"/>
   <arg name="mode" type="s" direction="in"/>
   <arg name="job" type="o" direction="out"/>
  </method>
  <method name="TryRestartUnit">
   <arg name="name" type="s" direction="in"/>
   <arg name="mode" type="s" direction="in"/>
   <arg name="job" type="o" direction="out"/>
  </method>
  <method name="ReloadOrRestartUnit">
   <arg name="name" type="s" direction="in"/>
   <arg name="mode" type="s" direction="in"/>
   <arg name="job" type="o" direction="out"/>
  </method>
  <method name="ReloadOrTryRestartUnit">
   <arg name="name" type="s" direction="in"/>
   <arg name="mode" type="s" direction="in"/>
   <arg name="job" type="o" direction="out"/>
  </method>
  <method name="KillUnit">
   <arg name="name" type="s" direction="in"/>
   <arg name="who" type="s" direction="in"/>
   <arg name="signal" type="i" direction="in"/>
  </method>
  <method name="ResetFailedUnit">
   <arg name="name" type="s" direction="in"/>
  </method>
  <method name="SetUnitProperties">
   <arg name="name" type="s" direction="in"/>
   <arg name="runtime" type="b" direction="in"/>
   <arg name="properties" type="a(sv)" direction="in"/>
  </method>
  <method name="RefUnit">
   <arg name="name" type="s" direction="in"/>
  </method>
  <method name="UnrefUnit">
   <arg name="name" type="s" direction="in"/>
  </method>
  <method name="StartTransientUnit">
   <arg name="name" type="s" direction="in"/>
   <arg name="mode" type="s" direction="in"/>
   <arg name="properties" type="a(sv)" direction="in"/>
   <arg name="aux" type="a(sa(sv))" direction="in"/>
   <arg name="job" type="o" direction="out"/>
  </method>
  <method name="GetUnitProcesses">
   <arg name="name" type="s" direction="in"/>
   <arg name="processes" type="a(sus)" direction="out"/>
  </method>
  <method name="AttachProcessesToUnit">
   <arg name="name" type="s" direction="in"/>
   <arg name="path" type="s" direction="in"/>
   <arg name="pids" type="au" direction="in"/>
  </method>
  <method name="AbandonScope">
   <arg name="name" type="s" direction="in"/>
  </method>
  <method name="GetJob">
   <arg name="id" type="u" direction="in"/>
   <arg name="job" type="o" direction="out"/>
  </method>
  <method name="GetJobAfter">
   <arg name="id" type="u" direction="in"/>
   <arg name="jobs" type="a(usssoo)" direction="out"/>
  </method>
  <method name="GetJobBefore">
   <arg name="id" type="u" direction="in"/>
   <arg name="jobs" type="a(usssoo)" direction="out"/>
  </method>
  <method name="CancelJob">
   <arg name="id" type="u" direction="in"/>
  </method>
  <method name="ClearJobs">
  </method>
  <method name="ResetFailed">
  </method>
  <method name="ListUnits">
   <arg name="units" type="a(ssssssouso)" direction="out"/>
  </method>
  <method name="ListUnitsFiltered">
   <arg name="states" type="as" direction="in"/>
   <arg name="units" type="a(ssssssouso)" direction="out"/>
  </method>
  <method name="ListUnitsByPatterns">
   <arg name="states" type="as" direction="in"/>
   <arg name="patterns" type="as" direction="in"/>
   <arg name="units" type="a(ssssssouso)" direction="out"/>
  </method>
  <method name="ListUnitsByNames">
   <arg name="names" type="as" direction="in"/>
   <arg name="units" type="a(ssssssouso)" direction="out"/>
  </method>
  <method name="ListJobs">
   <arg name="jobs" type="a(usssoo)" direction="out"/>
  </method>
  <method name="Subscribe">
  </method>
  <method name="Unsubscribe">
  </method>
  <method name="Dump">
   <arg type="s" direction="out"/>
  </method>
  <method name="DumpByFileDescriptor">
   <arg name="fd" type="h" direction="out"/>
  </method>
  <method name="Reload">
  </method>
  <method name="Reexecute">
  </method>
  <method name="Exit">
   <annotation name="org.freedesktop.systemd1.Privileged" value="true"/>
  </method>
  <method name="Reboot">
   <annotation name="org.freedesktop.systemd1.Privileged" value="true"/>
  </method>
  <method name="PowerOff">
   <annotation name="org.freedesktop.systemd1.Privileged" value="true"/>
  </method>
  <method name="Halt">
   <annotation name="org.freedesktop.systemd1.Privileged" value="true"/>
  </method>
  <method name="KExec">
   <annotation name="org.freedesktop.systemd1.Privileged" value="true"/>
  </method>
  <method name="SwitchRoot">
   <arg name="newRoot" type="s" direction="in"/>
   <arg name="init" type="s" direction="in"/>
   <annotation name="org.freedesktop.systemd1.Privileged" value="true"/>
  </method>
  <method name="SetEnvironment">
   <arg name="names" type="as" direction="in"/>
  </method>
  <method name="UnsetEnvironment">
   <arg name="names" type="as" direction="in"/>
  </method>
  <method name="UnsetAndSetEnvironment">
   <arg name="unset" type="as" direction="in"/>
   <arg name="set" type="as" direction="in"/>
  </method>
  <method name="ListUnitFiles">
   <arg name="files" type="a(ss)" direction="out"/>
  </method>
  <method name="ListUnitFilesByPatterns">
   <arg name="states" type="as" direction="in"/>
   <arg name="patterns" type="as" direction="in"/>
   <arg name="files" type="a(ss)" direction="out"/>
  </method>
  <method name="GetUnitFileState">
   <arg name="unit" type="s" direction="in"/>
   <arg name="state" type="s" direction="out"/>
  </method>
  <method name="EnableUnitFiles">
   <arg name="files" type="as" direction="in"/>
   <arg name="runtime" type="b" direction="in"/>
   <arg name="force" type="b" direction="in"/>
   <arg name="carriesInstallInfo" type="b" direction="out"/>
   <arg name="changes" type="a(sss)" direction="out"/>
  </method>
  <method name="DisableUnitFiles">
   <arg name="files" type="as" direction="in"/>
   <arg name="runtime" type="b" direction="in"/>
   <arg name="changes" type="a(sss)" direction="out"/>
  </method>
  <method name="ReenableUnitFiles">
   <arg name="files" type="as" direction="in"/>
   <arg name="runtime" type="b" direction="in"/>
   <arg name="force" type="b" direction="in"/>
   <arg name="carriesInstallInfo" type="b" direction="out"/>
   <arg name="changes" type="a(sss)" direction="out"/>
  </method>
  <method name="LinkUnitFiles">
   <arg name="files" type="as" direction="in"/>
   <arg name="runtime" type="b" direction="in"/>
   <arg name="force" type="b" direction="in"/>
   <arg name="changes" type="a(sss)" direction="out"/>
  </method>
  <method name="PresetUnitFiles">
   <arg name="files" type="as" direction="in"/>
   <arg name="runtime" type="b" direction="in"/>
   <arg name="force" type="b" direction="in"/>
   <arg name="carriesInstallInfo" type="b" direction="out"/>
   <arg name="changes" type="a(sss)" direction="out"/>
  </method>
  <method name="PresetUnitFilesWithMode">
   <arg name="files" type="as" direction="in"/>
   <arg name="mode" type="s" direction="in"/>
   <arg name="runtime" type="b" direction="in"/>
   <arg name="force" type="b" direction="in"/>
   <arg name="carriesInstallInfo" type="b" direction="out"/>
   <arg name="changes" type="a(sss)" direction="out"/>
  </method>
  <method name="MaskUnitFiles">
   <arg name="files" type="as" direction="in"/>
   <arg name="runtime" type="b" direction="in"/>
   <arg name="force" type="b" direction="in"/>
   <arg name="changes" type="a(sss)" direction="out"/>
  </method>
  <method name="UnmaskUnitFiles">
   <arg name="files" type="as" direction="in"/>
   <arg name="runtime" type="b" direction="in"/>
   <arg name="changes" type="a(sss)" direction="out"/>
  </method>
  <method name="RevertUnitFiles">
   <arg name="files" type="as" direction="in"/>
   <arg name="changes" type="a(sss)" direction="out"/>
  </method>
  <method name="SetDefaultTarget">
   <arg name="name" type="s" direction="in"/>
   <arg name="force" type="b" direction="in"/>
   <arg name="changes" type="a(sss)" direction="out"/>
  </method>
  <method name="GetDefaultTarget">
   <arg name="name" type="s" direction="out"/>
  </method>
  <method name="PresetAllUnitFiles">
   <arg name="mode" type="s" direction="in"/>
   <arg name="runtime" type="b" direction="in"/>
   <arg name="force" type="b" direction="in"/>
   <arg name="changes" type="a(sss)" direction="out"/>
  </method>
  <method name="AddDependencyUnitFiles">
   <arg name="files" type="as" direction="in"/>
   <arg name="target" type="s" direction="in"/>
   <arg name="type0" type="s" direction="in"/>
   <arg name="runtime" type="b" direction="in"/>
   <arg name="force" type="b" direction="in"/>
   <arg name="changes" type="a(sss)" direction="out"/>
  </method>
  <method name="GetUnitFileLinks">
   <arg name="name" type="s" direction="in"/>
   <arg name="runtime" type="b" direction="in"/>
   <arg name="links" type="as" direction="out"/>
  </method>
  <method name="SetExitCode">
   <arg name="exitCode" type="y" direction="in"/>
  </method>
  <method name="LookupDynamicUserByName">
   <arg name="name" type="s" direction="in"/>
   <arg name="user" type="u" direction="out"/>
  </method>
  <method name="LookupDynamicUserByUID">
   <arg name="uid" type="u" direction="in"/>
   <arg name="user" type="s" direction="out"/>
  </method>
  <method name="GetDynamicUsers">
   <arg name="users" type="a(us)" direction="out"/>
  </method>
  <signal name="UnitNew">
   <arg name="id" type="s"/>
   <arg name="unit" type="o"/>
  </signal>
  <signal name="UnitRemoved">
   <arg name="id" type="s"/>
   <arg name="unit" type="o"/>
  </signal>
  <signal name="JobNew">
   <arg name="id" type="u"/>
   <arg name="job" type="o"/>
   <arg name="unit" type="s"/>
  </signal>
  <signal name="JobRemoved">
   <arg name="id" type="u"/>
   <arg name="job" type="o"/>
   <arg name="unit" type="s"/>
   <arg name="result" type="s"/>
  </signal>
  <signal name="StartupFinished">
   <arg name="firmware" type="t"/>
   <arg name="loader" type="t"/>
   <arg name="kernel" type="t"/>
   <arg name="initrd" type="t"/>
   <arg name="userspace" type="t"/>
   <arg name="total" type="t"/>
  </signal>
  <signal name="UnitFilesChanged">
  </signal>
  <signal name="Reloading">
   <arg name="active" type="b"/>
  </signal>
 </interface>
</node>
