<!DOCTYPE node PUBLIC "-//freedesktop//DTD D-BUS Object Introspection 1.0//EN"
        "http://www.freedesktop.org/standards/dbus/1.0/introspect.dtd">
<node>
    <interface name="com.deepin.daemon.Fprintd.Device">
        <method name="Claim">
            <arg name="username" type="s" direction="in"></arg>
        </method>
        <method name="ClaimForce">
            <arg name="username" type="s" direction="in"></arg>
        </method>
        <method name="DeleteEnrolledFinger">
            <arg name="username" type="s" direction="in"></arg>
            <arg name="finger" type="s" direction="in"></arg>
        </method>
        <method name="DeleteEnrolledFingers">
            <arg name="username" type="s" direction="in"></arg>
        </method>
        <method name="EnrollStart">
            <arg name="finger" type="s" direction="in"></arg>
        </method>
        <method name="EnrollStop"></method>
        <method name="GetCapabilities">
            <arg name="caps" type="as" direction="out"></arg>
        </method>
        <method name="ListEnrolledFingers">
            <arg name="username" type="s" direction="in"></arg>
            <arg name="fingers" type="as" direction="out"></arg>
        </method>
        <method name="Release"></method>
        <method name="VerifyStart">
            <arg name="finger" type="s" direction="in"></arg>
        </method>
        <method name="VerifyStop"></method>
        <signal name="EnrollStatus">
            <arg name="status" type="s"></arg>
            <arg name="done" type="b"></arg>
        </signal>
        <signal name="VerifyStatus">
            <arg name="status" type="s"></arg>
            <arg name="done" type="b"></arg>
        </signal>
        <signal name="VerifyFingerSelected">
            <arg name="finger" type="s"></arg>
        </signal>
        <property name="ScanType" type="s" access="read"></property>
    </interface>
    <interface name="org.freedesktop.DBus.Introspectable">
        <method name="Introspect">
            <arg name="out" type="s" direction="out"></arg>
        </method>
    </interface>
    <interface name="org.freedesktop.DBus.Properties">
        <method name="Get">
            <arg name="interface" type="s" direction="in"></arg>
            <arg name="property" type="s" direction="in"></arg>
            <arg name="value" type="v" direction="out"></arg>
        </method>
        <method name="GetAll">
            <arg name="interface" type="s" direction="in"></arg>
            <arg name="props" type="a{sv}" direction="out"></arg>
        </method>
        <method name="Set">
            <arg name="interface" type="s" direction="in"></arg>
            <arg name="property" type="s" direction="in"></arg>
            <arg name="value" type="v" direction="in"></arg>
        </method>
        <signal name="PropertiesChanged">
            <arg name="interface" type="s" direction="out"></arg>
            <arg name="changed_properties" type="a{sv}" direction="out"></arg>
            <arg name="invalidates_properties" type="as" direction="out"></arg>
        </signal>
    </interface>
    <interface name="org.freedesktop.DBus.Peer">
        <method name="Ping"></method>
        <method name="GetMachineId">
            <arg name="machine_uuid" type="s" direction="out"></arg>
        </method>
    </interface>
</node>
