<!DOCTYPE node PUBLIC "-//freedesktop//DTD D-BUS Object Introspection 1.0//EN"
                      "http://www.freedesktop.org/standards/dbus/1.0/introspect.dtd">
<!-- GDBus 2.53.4 -->
<node>
  <interface name="org.freedesktop.DBus.Properties">
    <method name="Get">
      <arg type="s" name="interface_name" direction="in"/>
      <arg type="s" name="property_name" direction="in"/>
      <arg type="v" name="value" direction="out"/>
    </method>
    <method name="GetAll">
      <arg type="s" name="interface_name" direction="in"/>
      <arg type="a{sv}" name="properties" direction="out"/>
    </method>
    <method name="Set">
      <arg type="s" name="interface_name" direction="in"/>
      <arg type="s" name="property_name" direction="in"/>
      <arg type="v" name="value" direction="in"/>
    </method>
    <signal name="PropertiesChanged">
      <arg type="s" name="interface_name"/>
      <arg type="a{sv}" name="changed_properties"/>
      <arg type="as" name="invalidated_properties"/>
    </signal>
  </interface>
  <interface name="org.freedesktop.DBus.Introspectable">
    <method name="Introspect">
      <arg type="s" name="xml_data" direction="out"/>
    </method>
  </interface>
  <interface name="org.freedesktop.DBus.Peer">
    <method name="Ping"/>
    <method name="GetMachineId">
      <arg type="s" name="machine_uuid" direction="out"/>
    </method>
  </interface>
  <interface name="org.freedesktop.PolicyKit1.Authority">
    <method name="EnumerateActions">
      <arg type="s" name="locale" direction="in">
      </arg>
      <arg type="a(ssssssuuua{ss})" name="action_descriptions" direction="out">
      </arg>
    </method>
    <method name="CheckAuthorization">
      <arg type="(sa{sv})" name="subject" direction="in">
      </arg>
      <arg type="s" name="action_id" direction="in">
      </arg>
      <arg type="a{ss}" name="details" direction="in">
      </arg>
      <arg type="u" name="flags" direction="in">
      </arg>
      <arg type="s" name="cancellation_id" direction="in">
      </arg>
      <arg type="(bba{ss})" name="result" direction="out">
      </arg>
    </method>
    <method name="CancelCheckAuthorization">
      <arg type="s" name="cancellation_id" direction="in">
      </arg>
    </method>
    <method name="RegisterAuthenticationAgent">
      <arg type="(sa{sv})" name="subject" direction="in">
      </arg>
      <arg type="s" name="locale" direction="in">
      </arg>
      <arg type="s" name="object_path" direction="in">
      </arg>
    </method>
    <method name="RegisterAuthenticationAgentWithOptions">
      <arg type="(sa{sv})" name="subject" direction="in">
      </arg>
      <arg type="s" name="locale" direction="in">
      </arg>
      <arg type="s" name="object_path" direction="in">
      </arg>
      <arg type="a{sv}" name="options" direction="in">
      </arg>
    </method>
    <method name="UnregisterAuthenticationAgent">
      <arg type="(sa{sv})" name="subject" direction="in">
      </arg>
      <arg type="s" name="object_path" direction="in">
      </arg>
    </method>
    <method name="AuthenticationAgentResponse">
      <arg type="s" name="cookie" direction="in">
      </arg>
      <arg type="(sa{sv})" name="identity" direction="in">
      </arg>
    </method>
    <method name="AuthenticationAgentResponse2">
      <arg type="u" name="uid" direction="in">
      </arg>
      <arg type="s" name="cookie" direction="in">
      </arg>
      <arg type="(sa{sv})" name="identity" direction="in">
      </arg>
    </method>
    <method name="EnumerateTemporaryAuthorizations">
      <arg type="(sa{sv})" name="subject" direction="in">
      </arg>
      <arg type="a(ss(sa{sv})tt)" name="temporary_authorizations" direction="out">
      </arg>
    </method>
    <method name="RevokeTemporaryAuthorizations">
      <arg type="(sa{sv})" name="subject" direction="in">
      </arg>
    </method>
    <method name="RevokeTemporaryAuthorizationById">
      <arg type="s" name="id" direction="in">
      </arg>
    </method>
    <signal name="Changed">
    </signal>
    <property type="s" name="BackendName" access="read">
    </property>
    <property type="s" name="BackendVersion" access="read">
    </property>
    <property type="u" name="BackendFeatures" access="read">
    </property>
  </interface>
</node>
