<!DOCTYPE node PUBLIC "-//freedesktop//DTD D-BUS Object Introspection 1.0//EN"
"http://www.freedesktop.org/standards/dbus/1.0/introspect.dtd">
<node>
  <interface name="com.deepin.system.IPWatchD">
    <method name="RequestIPConflictCheck">
      <arg name="ip" type="s" direction="in"/>
      <arg name="ifc" type="s" direction="in"/>
      <arg name="mac" type="s" direction="out"/>
    </method>
    <signal name="IPConflict">
      <arg name="ip" type="s"></arg>
      <arg name="smac" type="s"></arg>
      <arg name="dmac" type="s"></arg>
    </signal>
  </interface>
</node>
